,Protein
0,P63027
1,Q8N987-1
2,Q9NR46-2
3,Q9BY11
4,O60313-2
5,Q8N126-2
6,P61981
7,Q14982-4
8,Q99962
9,P35609-2
10,P49418
11,P13716-1
12,P58549
13,Q8N3J6-3
14,Q9H1K1
15,Q9P260-2
16,Q9Y617-1
17,O75368
18,P51649-1
19,Q13642-4
20,P61916
21,P21283
22,P30041
23,P31321
24,Q7Z3B1
25,Q9BV79
26,Q13153
27,Q16718
28,Q9UPP5-2
29,Q6H8Q1-5
30,Q9NYB9
31,P17677-1
32,Q6NV74
33,P52597
34,P55327-6
35,Q9BUT1-1
36,P13521
37,Q8TBG9-2
38,Q9HD34
39,P55809
40,O75251
41,P51911
42,P21281
43,Q16643-3
44,O75832
45,P05129
46,P14854
47,Q96JE9-1
48,O94772-2
49,P16930
50,P29401
51,P43004-1
52,Q5JTJ3-2
53,P23526-1
54,Q01518-1
55,Q9UEY8-2
56,Q9ULP9
57,P04040
58,P07919
59,P14927
60,P11137
61,P49841-2
62,Q16181
63,O75145-1
64,O75380
65,P00918
66,Q8WXF7
67,O00625
68,O00571
69,O15240
70,Q01469
71,P51659-1
72,O95502
73,Q6F5E8
74,Q15700-3
75,Q99946
76,Q9NV96
77,Q96ID5
78,Q9H936
79,P32119
80,Q14847
81,O14810
82,Q9Y5L4
83,Q13885
84,O75061-2
85,O94985-2
86,Q6UWR7
87,Q92558
88,Q9Y3A3
89,Q13449
90,P29966
91,P48735
92,P18206
93,Q86YS7-4
94,Q9Y3E7
95,Q9UN86
96,P31949
97,P04156-1
98,P49840
99,P01598
100,P11766
101,Q02218
102,Q92796
103,Q9HCM2
104,P19404
105,P55290-4
106,Q14019
107,P17655-1
108,Q9UPY6
109,Q9UHL4
110,Q86WG3-3
111,P23763
112,Q99798
113,P20336
114,P11177
115,P09493-5
116,Q00796
117,P00492
118,O95299
119,P35080-1
120,P40123
121,Q12979
122,Q9H6K5
123,Q8NCW5
124,Q92686
125,P62805
126,Q9BPW8
127,Q86UY8
128,P09104
129,Q99963
130,O15020
131,Q02338
132,P09471-1
133,P09382
134,Q14194-2
135,Q9Y3Z3
136,O15061-2
137,Q8WZA0-2
138,Q13613-1
139,O95886
140,Q9BY67-5
141,Q15631-1
142,Q9UK76-2
143,Q9P0L2-1
144,P53041
145,O15511-1
146,P28838
147,Q08174-2
148,Q96C19
149,P24821
150,Q96ME1
151,O43761
152,P52594-4
153,Q8IXS6-2
154,P60709
155,P68366
156,O00170
157,Q14289-1
158,O95831-1
159,O43768
160,P32004
161,Q5SRE7-1
162,Q9Y2S2-1
163,Q9Y2T3
164,O14576-2
165,P09496-3
166,Q01813
167,Q16186
168,Q9UII2-1
169,O43488
170,P30043
171,Q96AC1-3
172,O43813
173,P09110-1
174,Q08209-1
175,P01024
176,Q9NZ56
177,P48059-3
178,P60880
179,P48506
180,Q9NZ45
181,Q96EP5
182,O94905-1
183,P63096-1
184,P46976-1
185,P07355-2
186,Q9NSD9
187,P14618
188,Q6PCE3
189,Q9NVA2-2
190,Q8N6N7
191,P13796
192,O43157
193,Q5XKP0
194,O00584
195,P46379-3
196,Q16864-2
197,P60201-1
198,O94925-1
199,O95182
200,Q09666-1
201,O75781
202,Q9BQI0-2
203,Q6UXD5-1
204,Q7L1I2
205,Q14515
206,Q9BRQ6
207,Q9UM19
208,P78324
209,Q9P1Y5-2
210,P11216
211,Q9NWV8
212,P08670
213,Q9NQC3
214,P08237-3
215,Q9UQB8
216,O14964
217,Q9UPX8-3
218,Q96MZ0
219,Q9ULU8-1
220,P40121
221,P09497-1
222,P09936
223,P68036
224,Q9BQI5-2
225,Q9P121-4
226,Q9BU61-1
227,P30153
228,Q9UF11-2
229,P31930
230,O14974
231,Q6VY07
232,P50213-1
233,Q13875-4
234,O95336
235,P01112
236,Q16762
237,P01019
238,Q92930
239,P35612-1
240,Q16566
241,Q00839
242,P48539
243,O00533-2
244,O95670-1
245,P05023
246,Q8N4C8-1
247,O43815
248,P60953-1
249,Q6YN16
250,P0C0L4-1
251,P43243
252,P30049
253,P09874
254,P68104
255,Q16527
256,Q9HA64
257,Q00765
258,P15311
259,P10809
260,P07384
261,P60033
262,P62942
263,P22061-2
264,Q9H4G0-1
265,Q9NQX3-2
266,Q96PY5-3
267,P02751-15
268,Q9Y4C0-4
269,P02787
270,Q6ZVM7
271,Q01484
272,Q9ULD0
273,P20020
274,Q3MHD2-2
275,O76041-2
276,Q9Y2J2
277,Q16851
278,Q04637-9
279,Q99719-1
280,Q14194-1
281,Q9UJD0
282,P15882
283,Q9UQ16-3
284,Q8IVF5-2
285,O43181
286,P21912
287,Q15334
288,P80723
289,P07108-5
290,Q86TV6-2
291,O75525-1
292,O75323-1
293,Q92841
294,P51858
295,Q15773
296,Q96I99-1
297,Q15223
298,P45985-2
299,Q92752
300,P78371-1
301,P13284
302,Q9Y5K8
303,Q92974
304,P21695-1
305,Q9Y6I3-1
306,Q13616
307,P60660
308,Q9NZZ3
309,P00450
310,O43301
311,P24534
312,Q13938
313,Q9H008-1
314,P18433
315,Q9Y639-5
316,P30042-1
317,O94811
318,P46781
319,O75746
320,Q9Y4F5
321,Q9P0V9-2
322,Q92905
323,P12277
324,Q03154-1
325,P26038
326,Q9BXS5-2
327,P30519
328,Q9UBS5-1
329,Q6DN90-1
330,Q5TF21
331,P56211
332,O95757
333,O94967-4
334,P61970
335,Q9UIW2
336,P02774-3
337,Q8N3V7-1
338,Q9Y285
339,P51149
340,P00966
341,Q9H4M9
342,P21333
343,Q08495-1
344,P30048
345,O14745
346,P01861
347,O00217
348,Q14141-1
349,Q969G5
350,Q96AE4-2
351,Q92823-5
352,Q9UDY4
353,Q9Y3A5
354,Q14699
355,Q96Q05-2
356,Q9H2M9
357,Q5T5P2-1
358,Q9UK22
359,P02689
360,Q9Y490
361,Q9GZZ9-1
362,Q6UUV9-2
363,P06744
364,P05165-1
365,P04080
366,Q9UQ03-1
367,Q9UMX0-1
368,O14994
369,P37837
370,P11233
371,Q8N573-1
372,P09493-8
373,P0C7P0
374,P62314
375,Q9BXF6
376,P36543
377,Q86UL8-1
378,Q7Z6L0-2
379,Q9Y2I1-1
380,P13804-1
381,Q9UPV7
382,Q16775-2
383,P42025
384,Q96HS1-1
385,P52943
386,Q96D71
387,Q12805
388,Q9Y4G8
389,P04075-2
390,P38606
391,Q04917
392,P13637-3
393,Q06830
394,Q9Y4G6
395,Q08170
396,Q12860
397,Q4G176
398,Q15149-8
399,P34896-1
400,Q13126-2
401,P60953
402,Q6GMV3
403,P02675
404,P28161
405,Q9Y4E6-1
406,P31150
407,Q9BPX5
408,P56181-2
409,Q9Y265
410,P09960-1
411,Q9NVD7
412,P19784
413,Q6L8Q7-1
414,Q14956
415,P14543-1
416,Q9NQ66-1
417,O43678
418,P62318
419,P01116-2
420,P20591
421,Q96FE5
422,P49407-1
423,P29218-3
424,Q9Y2J8
425,Q5JVS0
426,Q15811
427,P08621-1
428,P02545
429,P18859-2
430,P38646
431,Q8WUW1-2
432,Q8N5S9
433,P14649
434,O14548
435,Q9Y2J0-1
436,P01620
437,P36871-1
438,Q14123-3
439,O14950
440,Q8N568-3
441,Q9GZV7
442,P49593
443,Q15119-1
444,Q96CM8-2
445,Q13491-4
446,P02671-1
447,P06733-1
448,P07954
449,P23434
450,Q9HCH3
451,Q9H019-1
452,P10636-4
453,O60861-3
454,Q14247-3
455,Q9Y6T7-1
456,P17612
457,O00442
458,O95834-3
459,Q9UPR5
460,P36873-2
461,O75874
462,P09493-4
463,O60888-2
464,O95081
465,Q96FZ7
466,P49189
467,P08603-1
468,Q14894
469,P05090
470,O00487
471,P29762
472,O00299
473,P35611-4
474,Q96FW1
475,P02679
476,P52209
477,Q8NBN7
478,Q9NZR1
479,P21399
480,Q96EQ0
481,C9JLW8
482,Q9NQW7-3
483,Q06323-1
484,Q9H993
485,P35579-1
486,O60220
487,P11142-1
488,Q15493-1
489,P05556-1
490,P63279
491,P01871-2
492,O14531
493,P62280
494,Q86XD5-3
495,Q9UI08-2
496,Q9NPJ3-1
497,P30040-1
498,Q13162
499,P36959
500,Q8TDC3-2
501,Q13418
502,Q96CN7
503,Q96DB2
504,P50453
505,P01009-1
506,Q9BZE9-2
507,P01876
508,O75947-1
509,Q01968-1
510,Q96FC7
511,Q9Y305-1
512,O00451-1
513,P01766
514,Q9Y2A7-2
515,P30044-1
516,P51114-1
517,Q8NI08
518,P02763
519,P38919
520,P08238
521,Q9H0Q0
522,P09525
523,P23142-4
524,Q02156
525,P10636
526,Q9NPH2
527,O76003
528,P10644
529,P04083
530,Q9H1X3-3
531,Q16698
532,Q9UNN5-1
533,Q6IBS0
534,P05141
535,Q13813-3
536,Q13509
537,Q96I24-1
538,Q8WZ74
539,Q01995
540,Q14254
541,Q9Y5X3
542,O14617-5
543,Q6UWE0
544,Q8NCB2-3
545,O75891-3
546,Q8NBF6-1
547,P43897
548,Q00535
549,Q6IPX3-1
550,O60884
551,Q13867
552,Q8N8N7-1
553,Q6UWY5
554,P01860
555,B9A064-1
556,P61011-1
557,P14621
558,P21926
559,Q9UBQ7
560,P62854
561,O14558
562,P0C0L5
563,Q9BTE6-3
564,Q9Y6R1-5
565,Q9BZZ5-4
566,Q02410
567,P13473-3
568,Q8NFU3-4
569,P27987
570,O00505
571,P59998-3
572,Q15904
573,Q9C0H9-5
574,P50570-4
575,Q9UBV8
576,P14415
577,O15394
578,Q5T5C0-1
579,P49419-2
580,Q96DE0
581,Q9HB07
582,C9J069
583,P16219
584,Q9Y2Q3-1
585,Q9UMX5
586,Q9Y3B8-1
587,P51888
588,Q9HBL0
589,Q9Y3C8
590,Q9UMY4-1
591,Q9UHD1
592,O00483
593,P35237
594,Q8TB36
595,Q9NUU7
596,Q96P47-4
597,P78318
598,P51884
599,P29120-1
600,O14530
601,Q92783
602,P51178-1
603,Q9H3S7
604,P40925-3
605,P06576
606,Q8WW12
607,P68400
608,Q96FQ6
609,P40926
610,P00403
611,P52566
612,Q9P1F3
613,Q14CZ8-1
614,P30419
615,P46736
616,Q9UKY7
617,Q15746-1
618,P01303
619,P63172
620,P42330
621,P62837
622,P60903
623,O75223-1
624,Q14696
625,P00352
626,P10768
627,O43399-7
628,Q9UL25
629,P42224-1
630,P05166-2
631,P50395-1
632,Q00577
633,Q8IWA5-2
634,P55884-2
635,O43432-3
636,P0C0S5
637,P46459
638,Q96SB3
639,Q5SW79-1
640,P16615
641,O15034-1
642,O00264
643,P37802-2
644,O00159-1
645,P02766
646,Q9Y383
647,Q10713
648,O60826
649,P12110
650,Q13151
651,Q92947-1
652,P61158
653,Q86UW7
654,Q9UHD9
655,P06307
656,P48728
657,O14986-2
658,P19338
659,P00488
660,O00154
661,Q9H115
662,Q96KR1
663,P36955
664,O00410-3
665,P11476-1
666,Q8ND76
667,Q9P253
668,Q9Y5P6-2
669,O60784-2
670,Q9HC56
671,Q9P0L0
672,P09211
673,Q9NZQ3-1
674,P13611-2
675,Q01814
676,Q09019
677,Q9NSE4
678,Q92572
679,P04004
680,Q9BWM7
681,P98160
682,Q8N3E9
683,Q08722
684,P47736-2
685,Q13907-2
686,Q9BW62
687,O15075-1
688,Q96CW1
689,Q02978
690,P46821
691,P30085-1
692,P35749-2
693,P62330
694,P61925
695,Q96S19
696,Q5H9L2
697,Q8WXD9
698,Q9UHC6-1
699,Q4V328
700,O95721
701,P36578
702,P26232-5
703,P31946
704,Q9BWS9-1
705,P35270
706,Q9BS26
707,Q8ND24
708,P22392-2
709,Q96KG9
710,Q13367
711,Q96QR8
712,Q6P4F2
713,Q9NXA8-1
714,P10645
715,P04264
716,Q3ZCQ8-2
717,Q9BX68
718,P19823
719,Q8IV50
720,Q69YW2
721,O14578-4
722,P30626-1
723,P50993
724,Q15120-2
725,Q2M2I8-1
726,Q8NHG7
727,Q9UM54-3
728,P53597
729,P22234
730,P01859
731,P31153
732,Q9Y2X7-3
733,P28482
734,Q15404-1
735,P20774
736,P06850
737,Q5W0V3
738,P54750-5
739,Q9BUL8
740,Q13825
741,P07093-3
742,Q9NYB0
743,Q8NC51-1
744,Q6XQN6-2
745,Q15370-2
746,Q01518-2
747,P07951-2
748,Q9NWV4
749,P01857
750,P11277-2
751,P50238
752,Q13228-4
753,P50440-1
754,P54819
755,Q14576
756,P78559-1
757,P55735-3
758,P08865
759,O14907
760,Q92945
761,P49748-3
762,Q86Y82
763,P35080-2
764,Q8IYB4-1
765,O75436-1
766,P0DMV8
767,Q14204
768,P42126
769,P12268
770,P68431
771,P07910-2
772,Q9BUF5
773,P82932
774,P43155
775,Q15349-2
776,Q96A65
777,P50336
778,P20674
779,P10155-1
780,P78357
781,O14818-1
782,P00738
783,Q08257
784,O75936
785,O76070
786,Q13884
787,Q9BTV5
788,Q16623
789,P01008
790,Q9Y2Q5-2
791,Q86UX6
792,Q13510-2
793,Q969E4
794,P80404
795,O43617-1
796,Q9UI12-1
797,Q96AT9
798,P45880-1
799,P47914
800,O00468-7
801,Q01130
802,P42765
803,Q709C8
804,P10114
805,P15259
806,Q8WZA2
807,Q71UM5
808,P08294
809,P00491
810,O95140
811,P59665
812,Q93008-3
813,P25685
814,Q6FI81-1
815,Q15049
816,P06899
817,Q99471-1
818,Q9UIC8-2
819,O43402
820,Q9UL46
821,P24311
822,Q9UIL1-1
823,Q13596
824,P43304
825,P49354
826,Q9NRW1
827,Q9P0J1-2
828,P15531-2
829,P21266
830,Q8N6T3-2
831,Q92736-2
832,P02549-1
833,P37840-1
834,Q16555-1
835,P54289-2
836,Q16799-1
837,P22830-2
838,P11279
839,Q14353-1
840,P11171-1
841,P26640
842,O76054
843,O95861-1
844,P55263-1
845,Q9UBC2-2
846,Q5SSJ5-1
847,Q9Y6R7
848,P16870
849,Q8N465
850,Q3YEC7-1
851,Q9UJ70-2
852,Q13740-1
853,P06727
854,Q9NRY4
855,P06396-3
856,Q96GK7
857,P53990-5
858,Q96IU4
859,P01034
860,O75382-1
861,O43325
862,Q7Z6G3
863,Q9P2R3-4
864,O60936-3
865,Q14008-3
866,P17812
867,Q7Z460-1
868,P60891
869,Q7L9L4-2
870,P09622
871,Q06828
872,P50579
873,P60880-2
874,Q8WXF1
875,Q8TD22
876,Q13492-1
877,P55795
878,Q9BYT8
879,Q9NVS9
880,P34913-1
881,O75884-1
882,Q86SX6
883,O00562
884,Q8NFX7-1
885,Q8N9I9-2
886,Q6NZI2-1
887,P15154-1
888,Q9NPD7
889,Q8N461
890,Q8TDJ6-3
891,P05771-2
892,P61769
893,P33316-3
894,Q8IU85-1
895,Q86WA6
896,P02730
897,Q9UH65
898,Q9NYI0-1
899,P17600
900,Q15417
901,Q9UHG2
902,P00751-1
903,Q9BR01
904,P53004
905,Q9UPA5
906,Q9NZT2-1
907,Q5SQI0-1
908,P30837
909,Q99623
910,Q7L0J3
911,O95810
912,Q14161-1
913,Q17R89
914,Q8N9I0
915,P53992
916,Q13085-4
917,Q6IAA8
918,Q96HU8
919,Q9BX66-12
920,Q6NVY1
921,Q96RL7
922,Q14764
923,P09488
924,O75915
925,O43464
926,O00401
927,P0DJI9
928,O43765
929,O94903
930,Q9ULR3
931,Q9Y678
932,Q13617-2
933,P62136-1
934,P06241-1
935,Q9BXM9-1
936,P62241
937,Q9Y5Y2
938,Q13247
939,P28289
940,Q99447-1
941,Q9GZT3-1
942,Q13303-1
943,P15056
944,P11310-2
945,P23786
946,Q96DG6
947,P16104
948,P02452
949,P54886
950,P36969
951,Q99497
952,Q99784
953,Q9UJU6-1
954,Q53H12
955,O00560-1
956,Q99726
957,O43809
958,O43426-2
959,P10301
960,Q14247-1
961,O14908-1
962,P27695
963,Q9UBE0-1
964,P78330
965,O95571
966,Q9NZL9
967,Q8N8S7
968,Q13310-3
969,Q8TCD5
970,P21980
971,P04114
972,P28072
973,P17987
974,Q5VWJ9
975,O95630
976,P36404
977,O60506
978,Q6UXB8-1
979,P53621-2
980,Q9NZJ7
981,P07738
982,Q29940
983,Q15067
984,O60547-1
985,P26447
986,P10451-5
987,P19174-2
988,Q9BRF8-1
989,Q13526
990,Q9UKU0-1
991,Q8N608-3
992,P25691
993,Q9GZT8-1
994,P42704
995,O94856-8
996,O95394-4
997,P61960
998,P50225
999,P62899-2
1000,Q15257-1
1001,P50135
1002,O95741-2
1003,Q9H492-2
1004,Q00325-2
1005,Q9Y5J6
1006,Q9H845
1007,P62847-4
1008,Q9UH62
1009,P13010
1010,P05060
1011,P12111
1012,P13645
1013,P46783
1014,Q16881-1
1015,Q96B54
1016,Q8N5M4
1017,P62879
1018,O75390
1019,P51665
1020,P34932
1021,Q9UKE5-1
1022,Q9NVI7
1023,Q13098-7
1024,P13797-2
1025,P16070
1026,P48454-3
1027,Q92845
1028,P06132
1029,Q96F85-1
1030,O00303
1031,Q16401
1032,P21796
1033,P49441
1034,P28799
1035,Q99714-1
1036,Q5JU85-2
1037,Q9ULJ8-3
1038,P0CG05
1039,P11413-2
1040,Q13155
1041,Q8IZD9
1042,Q86TX2
1043,Q63ZY3-2
1044,P20848
1045,Q08380
1046,P28074-1
1047,Q9Y5Z4-1
1048,Q5T0D9
1049,P80748
1050,Q9UK45
1051,Q99259-1
1052,Q13057-2
1053,Q8N1G4
1054,Q5VWZ2
1055,Q8TBB6
1056,P29803
1057,P41217-3
1058,P55957-2
1059,P11169
1060,Q8WTS6
1061,Q96QG7
1062,Q9NUJ3
1063,Q9NZW5
1064,Q05193-3
1065,O43615
1066,P78352-2
1067,Q6NXS1
1068,P48047
1069,Q8NFV4
1070,P55786
1071,Q7Z7K6-1
1072,P41567
1073,Q96RP9
1074,P22307-1
1075,P10412
1076,P62750
1077,P15559
1078,P21589-1
1079,P40763
1080,P09467
1081,O60684
1082,Q8WUH6
1083,Q96MW1
1084,P35520-2
1085,Q9UBQ5
1086,O75348
1087,P01042
1088,Q9NZ72
1089,P25054-1
1090,P30533
1091,Q86X55
1092,Q96RR4-1
1093,Q13011
1094,O60883
1095,P12955
1096,P55285-1
1097,P01834
1098,O94919
1099,P18669
1100,P16157-14
1101,Q8N684-3
1102,Q13442
1103,O95319-3
1104,P49758-3
1105,Q8TCS8
1106,Q9UNS2
1107,Q9P1A6
1108,P38159-1
1109,Q9UID3-1
1110,Q13425-1
1111,P26368
1112,P61266
1113,Q8WXG6-1
1114,Q9Y4Z0
1115,P62841
1116,Q16630-2
1117,Q01814-2
1118,Q9GZS3
1119,Q9UJ14-1
1120,Q14166
1121,P46926
1122,P31323
1123,Q8NFW8
1124,P10253
1125,O00273-1
1126,Q8NB37
1127,Q99884
1128,O15498
1129,Q9UPR0-1
1130,P07203
1131,Q5TDH0-3
1132,P55268
1133,P06737-1
1134,Q8WWI5
1135,Q99460
1136,O60825-1
1137,O43759-1
1138,A0FGR8-6
1139,Q14738-1
1140,Q8N5V2-1
1141,P07195
1142,Q9Y6R0
1143,O95294-3
1144,O43396
1145,P39019
1146,P49591
1147,Q9P265
1148,Q15311
1149,Q15393-1
1150,O95817
1151,P11498
1152,P27105
1153,P21810
1154,P63218
1155,Q96C01
1156,P04271
1157,Q8NF91
1158,P50148
1159,Q02246
1160,Q9Y4E8
1161,Q8N145
1162,O75914-3
1163,P17858-1
1164,Q8WVM8
1165,Q9NRN5-1
1166,Q9H8Y8-3
1167,P27348
1168,P09669
1169,P13987
1170,P49006
1171,Q15436
1172,Q8IV01
1173,Q10567
1174,P02462
1175,Q9NZ52
1176,Q00341-1
1177,P62995
1178,O60493-1
1179,P63098
1180,A1Z1Q3
1181,O75822
1182,Q7L099
1183,P02042
1184,Q99729-2
1185,P22570-7
1186,Q08752
1187,Q96S90-1
1188,P62736
1189,P41222
1190,P22102-1
1191,P12109
1192,P61088
1193,Q05193-2
1194,P04899-1
1195,Q8TB37-1
1196,Q8NEB9
1197,O00151
1198,Q9H0E2
1199,Q96MC5
1200,P05408-2
1201,P23468-1
1202,Q6P1X6
1203,O00194
1204,Q96AB3
1205,P61978-3
1206,Q9BSH4
1207,P07858
1208,P04733
1209,Q9Y6E0
1210,Q16799-3
1211,O00429-6
1212,Q6UWP2
1213,Q8TF44
1214,P40855-1
1215,Q9UNW9
1216,P19623
1217,Q9HD42-1
1218,O14773
1219,Q66LE6
1220,P62495
1221,Q9NS69
1222,Q96BR5
1223,P20700
1224,Q07157
1225,P50991
1226,P04792
1227,Q9UHY1
1228,P04003
1229,P42167
1230,P35244
1231,P20338
1232,P21359-1
1233,O60262
1234,Q96TC7
1235,P30622-3
1236,P15241
1237,P21579
1238,Q99715-1
1239,Q9BSD7
1240,P27635
1241,P51808
1242,Q96CN4-2
1243,Q9GZM8-2
1244,O15145
1245,P22033
1246,P07099
1247,Q8WW59
1248,Q9Y4L1
1249,Q7Z3D6-2
1250,P62913
1251,P22626
1252,Q9NYU2-1
1253,P20810-6
1254,P00325
1255,Q9C0C9
1256,Q9Y6G9
1257,Q05707-1
1258,P23141-2
1259,P63167
1260,Q8N6H7
1261,Q9Y697
1262,O43581-3
1263,Q9BQA1
1264,Q13362-5
1265,Q15907
1266,P36776
1267,P49915
1268,O94875-11
1269,P61956
1270,P27816-3
1271,Q9Y371-2
1272,P84243
1273,Q567U6
1274,Q9UKM9-1
1275,A8MSI8
1276,Q9Y6V0-5
1277,P48637
1278,P15927-3
1279,P62312
1280,Q9H7D7
1281,P31937
1282,P61201-1
1283,Q15185
1284,P10909-2
1285,O43251-8
1286,P51148-2
1287,O15067
1288,Q92623
1289,P00390
1290,P07900-2
1291,Q16143
1292,P35998
1293,Q99961
1294,P12235
1295,Q9NRN7
1296,P11940-1
1297,O95373
1298,P17900
1299,Q9UNE7-1
1300,Q4KMP7
1301,Q12959-2
1302,Q9BRT2
1303,Q15818
1304,O43175
1305,P62310
1306,Q9UD71-1
1307,Q13424
1308,O94856-9
1309,Q99598
1310,Q9NVE7
1311,O95848
1312,Q5VIR6-4
1313,P61758
1314,P23528
1315,O00213
1316,P17980
1317,Q9Y262
1318,P61081
1319,P12074
1320,Q8NFP9-1
1321,O75962-1
1322,Q8TBX8-1
1323,P30711
1324,P23588
1325,Q59EK9-1
1326,P20339
1327,Q9C0E8-4
1328,Q9HCB6
1329,P35268
1330,Q10567-3
1331,Q14344
1332,P01011-1
1333,P47755
1334,O95248-4
1335,Q9NRD5
1336,Q53GG5-1
1337,O00232-1
1338,Q3KQU3
1339,A6NDG6
1340,P53805
1341,P49802-1
1342,P13639
1343,P35637-1
1344,Q9H2U2-2
1345,Q96CX2
1346,Q05329
1347,Q15819
1348,P55196-5
1349,Q9UPQ0-1
1350,P51991-1
1351,P02741
1352,P01617
1353,Q9NQR4
1354,A6NGN9
1355,O14490-6
1356,Q9UEW8
1357,P52306-3
1358,Q8IZP0
1359,Q86VS8
1360,P11441
1361,Q562R1
1362,Q13243-1
1363,Q14318-2
1364,Q02153
1365,Q8TF74
1366,P14678-3
1367,P61626
1368,Q14914
1369,Q15042-3
1370,Q93050-2
1371,O95881
1372,Q96HC4
1373,P22105-3
1374,P02647
1375,Q5EBM0-1
1376,O75935
1377,O43684
1378,O94856
1379,P19021-5
1380,P02746
1381,Q14157-5
1382,P14867
1383,P07305
1384,P49720
1385,P13726-1
1386,P24588
1387,P10515
1388,Q9C0D0
1389,P30740
1390,P47870
1391,P51970
1392,P23396-1
1393,P54920
1394,P35573-1
1395,Q12874
1396,Q99584
1397,P09668
1398,P13667
1399,Q9UHJ6
1400,O43639
1401,Q96EY1-1
1402,O14787-2
1403,P30405
1404,P08708
1405,P55010
1406,P41732
1407,P28676
1408,P08134
1409,Q9BS92
1410,Q16537
1411,Q9H0U4
1412,P84074
1413,Q9Y2E4
1414,Q14258
1415,O94826
1416,O95865
1417,Q96B97-1
1418,P25713
1419,Q9UIA9
1420,Q9H4G0-2
1421,P37108
1422,P02747
1423,O94805
1424,P62195-1
1425,Q8WW22-2
1426,P09012
1427,Q6ICL3-4
1428,P17844
1429,P00915
1430,P51116
1431,P53396-2
1432,Q93052
1433,P49789
1434,Q9Y570-4
1435,Q9BWQ8
1436,O14639-2
1437,Q765P7
1438,Q93045-2
1439,Q15555
1440,Q9NZN4
1441,O60331-3
1442,Q92609-2
1443,P26885
1444,Q9ULA0
1445,P01700
1446,Q8WWV3-1
1447,O14744
1448,Q9GZT4
1449,Q9UNM6
1450,Q9ULV4-3
1451,Q96GG9
1452,O95825-1
1453,Q9NR45
1454,Q9BRK0-2
1455,P27694
1456,Q1KMD3
1457,P51784
1458,Q9BTW9-4
1459,P68371
1460,Q3LXA3
1461,Q9UKK9
1462,O95777
1463,Q8NBF2-1
1464,O15079-2
1465,O95292
1466,P43686
1467,P80303
1468,Q9BZV1
1469,O43505
1470,Q9UQB3-1
1471,A8MWD9
1472,Q9BZG9-2
1473,Q676U5
1474,P61962
1475,Q9NYF8-1
1476,Q9H254
1477,P23634-2
1478,Q9Y6X4-1
1479,Q8N4P3
1480,Q16890-1
1481,P01023
1482,P50995
1483,P02652
1484,Q9UBP4
1485,Q13522
1486,Q7Z2K8-1
1487,Q15435
1488,O95970
1489,Q08AD1
1490,Q9UHA4
1491,Q86UR5-1
1492,P42785-1
1493,P02768
1494,O75688
1495,Q9P0J7
1496,Q8IXS8
1497,Q92734-1
1498,Q92777-1
1499,P62826
1500,Q8IYQ7
1501,Q86U28
1502,P24539
1503,P31146
1504,P43121
1505,Q9UKG1
1506,P55060-1
1507,P11021
1508,Q4G0N4
1509,Q8N0X7
1510,Q8N9R8-2
1511,Q15111-1
1512,O75369-8
1513,Q86TP1-1
1514,P62701
1515,Q9NY65
1516,Q16134
1517,P0DJI8
1518,Q9H9S4
1519,Q9Y5L0-1
1520,Q8IVD9
1521,P07585
1522,Q9Y496
1523,P04350
1524,P54727
1525,P60900
1526,Q9HC38-2
1527,Q15582
1528,P46940
1529,P26196
1530,P39060-3
1531,Q92769
1532,Q9Y230
1533,Q9NP79
1534,Q92696
1535,O60282-1
1536,P62834
1537,P35754
1538,Q9ULC4-1
1539,Q96G03
1540,P02790
1541,Q9Y243-1
1542,Q9UPY8
1543,Q16849-1
1544,Q9GZN7
1545,P62877
1546,Q86WU2
1547,Q68CZ2-1
1548,O94910
1549,P00505
1550,P08133-1
1551,P07237
1552,P60763
1553,P04632
1554,Q9BQI9
1555,Q99570
1556,P55036-1
1557,P78362-2
1558,Q9Y2J2-4
1559,Q9UJC5
1560,O75122-3
1561,P04216
1562,O60645-3
1563,Q6YP21
1564,Q9H6R3
1565,P24666-1
1566,Q7KZI7-1
1567,P30050-1
1568,P51513-1
1569,Q13451-1
1570,O60749
1571,P41252
1572,O43707
1573,Q01844-5
1574,P13611
1575,O43920
1576,Q8N4Q0
1577,Q9UNA1-1
1578,Q14974
1579,Q58FG1
1580,P12270
1581,O43272
1582,P53396-1
1583,Q9H1K0
1584,Q96BW5-1
1585,P41091
1586,P57772
1587,Q99614
1588,Q8IVN3
1589,Q9P1U1-1
1590,Q8N183
1591,P62861
1592,Q969E8
1593,P19367-1
1594,Q9H1Z4
1595,Q5MNZ6
1596,P11586
1597,P00441
1598,O00231
1599,P78527
1600,Q15020
1601,P35232
1602,P23743-1
1603,Q86YR5-1
1604,Q07021
1605,P17661
1606,O15083
1607,Q9H269
1608,P39687
1609,P08195-4
1610,Q9NQE9
1611,P29144
1612,Q96GR2
1613,Q96Q11-1
1614,O94979-8
1615,P23297
1616,P25325-2
1617,Q13838-2
1618,Q6P2Q9
1619,P08123
1620,Q9BSJ8-2
1621,O14976
1622,Q16629
1623,P35052
1624,P05155-3
1625,P55327-5
1626,Q8WXI2-1
1627,P62304
1628,O43708
1629,Q9NUJ1
1630,Q9NP81-1
1631,Q9P1Z2-1
1632,P15170-3
1633,Q9UMS0
1634,P63244
1635,Q02252
1636,Q01433-1
1637,Q63HM9
1638,Q12905
1639,Q8WV99
1640,Q12756-2
1641,O75347
1642,P61601
1643,Q9UPT6
1644,Q9H0B6
1645,Q6U841
1646,P05937
1647,P14618-2
1648,Q9NZ32
1649,P05026
1650,P50914
1651,P55084
1652,P20340-1
1653,Q96PV0
1654,Q02818
1655,P17600-2
1656,O94874-1
1657,P05386
1658,Q8WX93-1
1659,Q8TC07-1
1660,Q9NZU7
1661,Q13231-1
1662,P12694
1663,Q15075
1664,O60927
1665,Q16531
1666,Q96QZ7
1667,P19827-1
1668,Q9H1V8
1669,P43487
1670,P27144
1671,Q7Z4S6-1
1672,P60866-2
1673,P40429
1674,O15530-1
1675,P06703
1676,Q6ZWB6
1677,Q14118
1678,P05387
1679,Q9NQ88
1680,Q9H9P8-1
1681,P23368-1
1682,P63215
1683,Q9NQ79
1684,O14737
1685,Q969H8
1686,P16083
1687,P25789
1688,Q14558-2
1689,Q27J81
1690,O75663
1691,P04217
1692,O14828
1693,Q14103
1694,P19652
1695,Q93009
1696,Q9Y266
1697,Q9Y3E1
1698,P63165
1699,P52788-1
1700,Q96GD0
1701,Q99747
1702,Q96K17-1
1703,Q8IXI2-3
1704,Q00013-1
1705,Q96AX1
1706,P62753
1707,P61764
1708,Q13542
1709,Q13347
1710,Q9BXW6-1
1711,Q14624-1
1712,Q13033
1713,Q13148-1
1714,P31689-1
1715,Q9BT78
1716,P12429
1717,Q96GW7
1718,P02794
1719,Q9C0I1
1720,P43490
1721,Q5EBL4-1
1722,P20290-1
1723,P46527
1724,Q16204
1725,P47756-2
1726,P60228
1727,O60268-1
1728,O75506
1729,Q6P587-3
1730,Q15006
1731,Q12849
1732,Q13555-6
1733,P13591-1
1734,Q15046-2
1735,Q8TBF2-8
1736,Q9HCD6-2
1737,Q9BRA2
1738,Q53H96
1739,Q9P000-1
1740,P59768
1741,P02792
1742,P19022
1743,P63173
1744,P12271
1745,Q9BZL1
1746,O75508
1747,P27986-4
1748,P46060
1749,Q14203
1750,O43852-3
1751,Q04828
1752,Q01105
1753,P26639-1
1754,P22748
1755,Q12926
1756,Q6PKG0-1
1757,P52294
1758,P07686
1759,P61221
1760,P36405
1761,O15400
1762,Q07955-1
1763,Q5T1J5
1764,P05198
1765,Q9H2H8-1
1766,P13861
1767,Q86YM7-1
1768,P08572
1769,P11217
1770,P52895
1771,Q9H4A4
1772,Q9BYV8
1773,P53618
1774,O75170
1775,P54687-5
1776,Q9Y2Z0-1
1777,Q9NXR7-1
1778,P26992
1779,Q99719-2
1780,P56556
1781,Q16658
1782,Q9UGV2
1783,O75083
1784,Q13232
1785,Q15424-3
1786,Q8IWB7
1787,Q15084-2
1788,O14936-4
1789,P62328
1790,Q15366-3
1791,Q9BQE3
1792,P04406-1
1793,Q96GA7
1794,Q15029
1795,Q16543
1796,O75077
1797,P07602-1
1798,P48556
1799,Q8N163-1
1800,P61160-1
1801,O43752
1802,Q92598
1803,O60869-1
1804,P04275
1805,Q96A00
1806,Q96NT1
1807,P53779
1808,Q03001-7
1809,P05230-1
1810,P47897
1811,Q15018
1812,Q00688
1813,Q9ULC3
1814,Q9HCJ6
1815,P30531
1816,Q8WZA9
1817,P28331-2
1818,Q5M775-1
1819,P13073
1820,Q9H9B4
1821,Q04446
1822,Q15717-2
1823,P61163
1824,Q15813-2
1825,Q92552-2
1826,Q08AM6
1827,P54577
1828,P78406
1829,Q9UHQ9
1830,Q9H598
1831,Q8IXT5
1832,Q9NRY5
1833,Q9H479
1834,O15382
1835,O75340
1836,O75689
1837,P54578
1838,O75190
1839,Q15637-5
1840,P07339
1841,P62979
1842,P61513
1843,Q9Y3S1-1
1844,P62906
1845,O15212
1846,Q9NTX5
1847,O75899
1848,Q92804-1
1849,P02795
1850,P55072
1851,Q14192
1852,P16949-1
1853,P14550
1854,Q96HN2-2
1855,Q9HAV0
1856,P07814
1857,Q9Y4P8-1
1858,O75396
1859,Q92843-2
1860,Q5TC12-1
1861,P22695
1862,Q05682-1
1863,Q15233
1864,O75131
1865,P54105
1866,P52888
1867,Q9Y6C9
1868,P24666-2
1869,Q9NQP4
1870,P42658-2
1871,Q9HA65
1872,P63104-1
1873,Q14697-1
1874,Q9NV70-2
1875,Q00610-1
1876,Q96RQ3
1877,P46782
1878,Q9UQ35
1879,Q8NBS9-1
1880,Q9Y450-1
1881,Q14061
1882,O14523
1883,P61019-1
1884,Q9BTE1
1885,Q5TH69
1886,Q9NRW7
1887,O14807-1
1888,Q13555-5
1889,P51452
1890,P05161
1891,P21964-1
1892,P42766
1893,P48163
1894,O95990-4
1895,P32969
1896,Q9HAT2
1897,P61225
1898,Q8NBX0
1899,P43034
1900,P25705-1
1901,O60939
1902,Q96PE5-1
1903,Q7L523
1904,P02511
1905,B5ME19
1906,Q15274
1907,Q9HCC0-1
1908,Q92529
1909,P27824-2
1910,P51570-2
1911,O75367-1
1912,Q15459
1913,P49821
1914,P34897-1
1915,P30038
1916,Q9BW91-1
1917,Q99426
1918,P01111
1919,P55209
1920,Q13561-2
1921,P0CG30
1922,Q96PU8-3
1923,P02649
1924,P02750
1925,Q9UKU7
1926,P48444
1927,P21246
1928,P20618
1929,O95433
1930,Q14315
1931,Q9UI40-2
1932,O75955
1933,P02748
1934,P09417
1935,Q9P0J0-2
1936,P10636-2
1937,Q9BRX8-1
1938,O00233-1
1939,Q16798
1940,Q16773
1941,Q9Y3C6
1942,P62333
1943,P06702
1944,Q8WWC4
1945,O94819
1946,Q99418
1947,Q9NRL3-3
1948,P60983
1949,Q0VDG4-1
1950,P27338
1951,Q66K74
1952,P82979
1953,Q9H0W9
1954,Q8NE62
1955,Q9UHV9
1956,Q00059
1957,Q9UPN3
1958,P12814-3
1959,Q5FWE3-1
1960,P00367
1961,Q9UBF6
1962,Q04837
1963,O00244
1964,Q8IVF2-1
1965,O75828
1966,Q9H9A6
1967,O95168-1
1968,Q13263
1969,P28065
1970,P21953
1971,P49721
1972,O15294
1973,O75306-1
1974,Q5QNW6-2
1975,O75146
1976,Q969P0
1977,Q12955
1978,Q96JG6
1979,Q07666
1980,Q86X76
1981,Q9UHG3
1982,O15143
1983,Q9NT62
1984,P08754
1985,Q9UPQ3-1
1986,P69891
1987,Q9HB71
1988,O43143
1989,P02765
1990,Q9Y2H1
1991,O14594
1992,P57087-3
1993,P26373-1
1994,Q52LJ0-2
1995,P61313-1
1996,Q9UHX1-1
1997,Q86SZ2
1998,Q969T9
1999,P07311
2000,O43427
2001,P02760
2002,Q8TAT6-2
2003,P45974-1
2004,Q9Y3I0
2005,Q96Q06-1
2006,P49411
2007,Q96KN2
2008,P00558
2009,Q16620-4
2010,P61247
2011,P11234-2
2012,Q9H0R4-1
2013,Q9NUB1
2014,P14136
2015,Q06136
2016,Q9UKA9-2
2017,Q15700-2
2018,P19525
2019,P30101
2020,Q15599
2021,Q8TBC4-1
2022,P25686-3
2023,Q6PUV4
2024,Q9H8H3
2025,Q8N335
2026,Q99435-3
2027,A6NHL2-1
2028,P53677
2029,Q13557-5
2030,Q9UNZ2-5
2031,Q15843
2032,Q15942
2033,O60245-2
2034,Q7Z406-2
2035,Q16720-2
2036,P53999
2037,Q641Q2
2038,P63313
2039,P00568
2040,Q15750-1
2041,P27449
2042,P62424
2043,P07226-1
2044,Q9NZB2-6
2045,P30086
2046,Q99490
2047,Q96D05-2
2048,Q4G0F5
2049,P41208
2050,P49589-3
2051,P07437
2052,Q9BQ69
2053,Q9Y2B0
2054,P61421
2055,P00338-3
2056,Q9ULN7-5
2057,P69892
2058,P23610
2059,O95219
2060,Q02790
2061,Q8NE35-1
2062,O60641-1
2063,P25098
2064,P20962
2065,O75475-1
2066,Q9NQC7
2067,P53602
2068,P78417
2069,P18124
2070,Q9HAR2-4
2071,Q92530
2072,P08247
2073,O60502
2074,Q9C026-5
2075,O00764-1
2076,O43598-1
2077,P51553-1
2078,Q5T2T1
2079,P53365
2080,Q92561
2081,Q15019-2
2082,Q8TDQ7
2083,Q9NQW6
2084,Q9H3H3-3
2085,P26599-3
2086,P62072
2087,Q12931
2088,Q9NRV9
2089,Q9UNF0
2090,Q8WXE0-1
2091,Q92882
2092,Q13572-1
2093,O00429-8
2094,Q15814
2095,P14868
2096,P35613
2097,Q07866-9
2098,Q96EK5
2099,Q13200
2100,P01877
2101,Q9BVA0
2102,P50583
2103,P43003
2104,P23515
2105,P35580-4
2106,P40939
2107,Q9Y4W6
2108,Q9BW30
2109,P61457
2110,P61978-2
2111,Q9GZP4
2112,Q15181
2113,Q4J6C6
2114,P48147
2115,Q05397-5
2116,O95167
2117,P15374
2118,Q9P2J5
2119,Q9UJY1
2120,P12236
2121,P07205
2122,P14314
2123,Q92900
2124,P62244
2125,A6NCE7
2126,Q15056-1
2127,O00193
2128,O95989
2129,P13929-1
2130,Q9NZN3
2131,P61923-4
2132,Q9NR28-1
2133,Q8NFH8-1
2134,P20916-1
2135,Q9BYB0
2136,P61764-2
2137,Q92599-1
2138,Q9P2U7
2139,P55087
2140,Q96E17
2141,P26583
2142,P15121
2143,Q15276
2144,P61020
2145,P23246-1
2146,Q9Y224
2147,P22087
2148,Q07020
2149,O60831
2150,Q8IV38
2151,Q7L5N1
2152,Q8N3F0-1
2153,Q9ULP0-6
2154,Q9NS86
2155,Q9UI15
2156,Q9NVJ2
2157,Q9ULH7-5
2158,P62266
2159,P49773
2160,O43390-2
2161,P09972
2162,Q9NUL5
2163,O00305-1
2164,P62633-6
2165,P37235
2166,Q13435
2167,P35606
2168,Q96SZ5
2169,Q16774-2
2170,P25787
2171,Q9GZM7-1
2172,P35222
2173,P35611-2
2174,P62269
2175,Q7Z6B0-1
2176,P22694-1
2177,Q9NZ94
2178,Q9BYD6
2179,P49903-1
2180,P25786-2
2181,O60925
2182,Q99622
2183,P17931
2184,Q9HAV7
2185,Q14677-3
2186,Q13423
2187,Q9Y5J7
2188,Q15847
2189,Q99250
2190,Q06124
2191,Q9UI09
2192,Q13501-1
2193,Q9H2X9-1
2194,P35813-3
2195,Q13564-1
2196,Q14978-2
2197,P55039
2198,P54725-3
2199,P53611
2200,Q9BSH5
2201,P00761
2202,Q6FI13
2203,Q9BXK5-1
2204,Q96CT7
2205,Q9BRP8
2206,Q9UBB6-3
2207,P62081
2208,P06748
2209,P09429
2210,Q9H1E3
2211,Q7L1Q6-3
2212,O43242
2213,Q8N111
2214,P26440
2215,A5A3E0
2216,P16298-4
2217,Q99569
2218,Q9UQ80
2219,O75629
2220,Q9ULH1-2
2221,P16152
2222,O43504
2223,Q9Y3P9
2224,P60981-1
2225,O75334-1
2226,Q9UN36-6
2227,Q9BY32-1
2228,P08559
2229,Q9NR31
2230,P09543-1
2231,P16519
2232,P78344-1
2233,O60664-1
2234,Q86VP6-1
2235,P02008
2236,P17252
2237,Q9NWU2
2238,Q5HYK3-1
2239,P12036
2240,Q92871
2241,Q9NQ86
2242,P08574
2243,Q9UHQ4-2
2244,Q13131-2
2245,Q5JSH3
2246,P62277
2247,P50895
2248,P52272
2249,Q9Y2V2
2250,P13591-2
2251,Q9C0B1-1
2252,O14618
2253,Q8IYI6
2254,P46777
2255,Q96L92
2256,Q08623-4
2257,P25788-1
2258,Q8N1K5-1
2259,Q99757
2260,P09455-1
2261,P49327
2262,Q09028
2263,Q9NNW7-1
2264,P15104
2265,Q99685-1
2266,Q05639
2267,O43295-2
2268,Q99767-1
2269,P50897
2270,Q9Y2I8-2
2271,Q9BUR5-1
2272,P47985
2273,O15126-1
2274,P05067-1
2275,Q9H4M3-2
2276,Q8TAC9-2
2277,O95202-1
2278,Q96PE3-1
2279,P07737
2280,P56134
2281,O75534-4
2282,P54136-1
2283,P60842
2284,Q9H3K6-1
2285,P67775
2286,Q9P2K5-1
2287,Q9H444
2288,Q93034
2289,O75064
2290,P30046
2291,P22314
2292,Q9NXC2-1
2293,Q9UBR2
2294,P78356
2295,Q86V88
2296,Q14C86-6
2297,Q9BX67
2298,Q8IZS8
2299,O14562
2300,P63151-2
2301,O15372
2302,P69905
2303,P55011
2304,Q9C0C2
2305,Q9H425
2306,Q9Y263
2307,Q4VC31
2308,O15540-2
2309,P63208
2310,Q01064
2311,Q9NRR3
2312,P62191
2313,P01714
2314,Q8WVV9
2315,Q13813-2
2316,P06756
2317,Q13748-1
2318,Q99541
2319,Q01082-1
2320,Q9Y376
2321,Q08209-2
2322,P12931-2
2323,P02743
2324,P22059
2325,Q9Y2Z9-1
2326,P23284
2327,Q8NHP8
2328,Q9NX40
2329,Q14444-1
2330,Q7Z4W1
2331,P35527
2332,P12532
2333,Q9Y277-2
2334,Q92520
2335,Q15041
2336,P35914
2337,Q7L2H7
2338,Q8WWI1
2339,P62829
2340,Q8TB22-2
2341,Q9Y237-2
2342,P00387-3
2343,Q9H3Q1
2344,O14775
2345,P49406
2346,O75431
2347,Q9UBW8
2348,Q99873
2349,P54764
2350,Q9NZJ9-1
2351,Q92854-1
2352,O43837-1
2353,Q96RU3-1
2354,Q9UQM7-2
2355,Q00587-1
2356,Q96CV9-1
2357,Q14108-1
2358,Q96BM9
2359,Q13574
2360,Q9UIJ7-1
2361,Q6BCY4
2362,O95573
2363,Q8IXJ6
2364,Q9Y4I1-1
2365,Q99829
2366,P52565-1
2367,O95352
2368,Q9UM22
2369,P63010-2
2370,Q15293
2371,Q9P0P8
2372,Q8WUD1
2373,Q13363-1
2374,Q6PI48
2375,Q99627-1
2376,P05388
2377,O14979-1
2378,P41250
2379,P29354-1
2380,O75439
2381,O75533-1
2382,P49674
2383,Q86UP2-1
2384,Q9Y2Z4
2385,Q5SYC1-1
2386,Q53HC0
2387,Q68DU8
2388,P68133
2389,Q9H270
2390,Q5VZF2-1
2391,P61026
2392,Q9UPW8
2393,Q8TAF3-1
2394,P28070
2395,O43776
2396,P63220
2397,Q9C040-2
2398,Q5JRX3-2
2399,O00139-4
2400,P24593
2401,P09471-2
2402,Q5U5X0
2403,P84103
2404,P51610-4
2405,P22676
2406,P51674
2407,O60763-2
2408,Q16653
2409,P55145
2410,Q9H832
2411,Q9UMS4
2412,Q9HB21-1
2413,P61018-2
2414,O43169
2415,Q9BVA1
2416,Q9UDT6-1
2417,P12081
2418,O43865
2419,Q53HC9
2420,P84090
2421,P33402
2422,Q15286
2423,P83916
2424,O75363-2
2425,Q96A49
2426,Q8WUM4
2427,Q15008
2428,Q8NEU8-3
2429,Q96HE7
2430,Q9BR76
2431,Q9GZN8-2
2432,Q9HDC9
2433,Q8NFZ8
2434,Q9BWD1
2435,Q07954
2436,P62249
2437,Q9Y566-1
2438,Q5JWF2-1
2439,P47756-1
2440,Q9Y3F4-2
2441,O95372
2442,O94973-2
2443,Q6ZVL6
2444,O43924
2445,P06753-4
2446,Q13554-1
2447,P38117
2448,O75608
2449,A4D126
2450,P51572-2
2451,P14174
2452,Q96PK6-1
2453,Q15691
2454,P11908-2
2455,Q13618
2456,Q9UHD8-1
2457,Q9H7C9-1
2458,P36507
2459,Q68D91-1
2460,P10606
2461,Q6P2E9-1
2462,P61086
2463,Q92614-1
2464,Q9P2T1-2
2465,P62258-1
2466,P02655
2467,Q7Z6Z7
2468,Q9Y5K5-1
2469,O75880
2470,O95819-3
2471,Q8IV08
2472,Q08211
2473,Q9NX08
2474,P31948-2
2475,Q08499-1
2476,Q96GY0
2477,P13489
2478,P51608-2
2479,Q92820
2480,P31939
2481,Q5T5U3
2482,Q13185
2483,Q8N7J2-1
2484,Q66K14-1
2485,Q16836-1
2486,Q9Y5S2
2487,Q9UBI6
2488,Q9UBB4-1
2489,Q15369-1
2490,Q9Y2S6
2491,P68402-1
2492,Q13620
2493,P36957
2494,P62910
2495,Q9BRX2
2496,P84085
2497,P49750-4
2498,P46199
2499,Q8WU79-1
2500,Q9BSU1
2501,Q96KP4
2502,O95671-1
2503,P57737-3
2504,Q9H2G2-1
2505,P61278
2506,Q9ULB1-3
2507,P62158
2508,P17096-3
2509,P12814-2
2510,O75964
2511,P31942
2512,Q8WWM7-3
2513,P14625
2514,O75569-1
2515,P02686-6
2516,O43236
2517,P61106
2518,Q7Z4V5-3
2519,P09651-1
2520,E9PAV3
2521,Q9BTT0
2522,O60256-1
2523,O14910
2524,P84098
2525,P52758
2526,O15371
2527,Q8IUE6
2528,P39023
2529,Q9UN37
2530,O75410-2
2531,Q9BQ24-2
2532,P49368-1
2533,P40227-1
2534,P58546
2535,P56537-1
2536,O75116
2537,P46109
2538,Q9UJW0-3
2539,P46776
2540,Q86VB7-2
2541,Q15121-2
2542,P68871
2543,Q9UPT5
2544,Q86UW8
2545,P54709
2546,Q9Y696
2547,O43633
2548,P25398
2549,Q01581
2550,P33176
2551,O95747
2552,Q13614-1
2553,P07947
2554,Q16181-2
2555,P60520
2556,Q684P5
2557,Q9Y2Q0
2558,Q9UH03-1
2559,Q8IZ83
2560,Q99436
2561,Q86V81
2562,Q15031
2563,P53680
2564,Q14257
2565,O75494-1
2566,Q92747
2567,Q86UN3
2568,O00142
2569,P22694-7
2570,P15289-1
2571,Q9H9H5
2572,Q9NUQ9
2573,P29692-2
2574,Q93077
2575,Q14152
2576,Q99536
2577,P62316
2578,Q8IW45
2579,P52306-5
2580,P00746
2581,P10915
2582,Q14195-2
2583,Q9C005
2584,Q15102
2585,Q9P032
2586,P20042
2587,P46439
2588,Q99766-1
2589,P15880
2590,Q8TEA8
2591,Q9BVC4
2592,Q8NC96
2593,Q13177
2594,Q9Y4F1-2
2595,P55265-4
2596,P11047
2597,O15144
2598,Q16352
2599,P19086
2600,P49458
2601,Q7KZF4
2602,Q00169
2603,O75351
2604,Q3ZCW2
2605,Q96L34-1
2606,Q92743
2607,Q92859
2608,P34949
2609,O94760-1
2610,P62851
2611,Q9NVT9
2612,Q9NTG7
2613,P14406
2614,Q9Y3D2
2615,P21291
2616,O14490
2617,Q9Y2H5
2618,P62745
2619,Q9UFN0
2620,Q01085-2
2621,P17174
2622,P05091
2623,Q9NQ48
2624,Q14011
2625,P67809
2626,P61604
2627,Q14643-1
2628,Q8TCZ2-5
2629,Q96T17-2
2630,Q9BRT3
2631,P26378-3
2632,P21397
2633,P13798
2634,P24043
2635,Q14240-2
2636,Q3ZCM7
2637,O14579-1
2638,Q96FJ2
2639,Q9UNH7-1
2640,Q969G6
2641,Q9H0R8-2
2642,Q99832
2643,O43491-4
2644,P23677
2645,P62888
2646,Q7Z6G8-3
2647,A0AVT1-1
2648,Q8TF61
2649,Q9H6U6-8
2650,P62873
2651,Q16795
2652,P55769
2653,O00743
2654,P52815
2655,O00471
2656,O00399
2657,P48739-3
2658,Q15714-1
2659,Q04760-1
2660,Q9NW68-3
2661,P62857
2662,Q96PE7
2663,Q6ZMI0-1
2664,Q5T447
2665,Q8N9N7
2666,Q147X3
2667,P49757
2668,Q9UK41-2
2669,P49902
2670,Q13636
2671,Q15382
2672,P06730-2
2673,P51687
2674,Q96EY8
2675,P42356
2676,Q14642
2677,P62306
2678,P50990
2679,P17302
2680,P14866
2681,P30520
2682,Q2TAA2
2683,Q8TAM6-2
2684,Q9NRG7-2
2685,P42677
2686,Q07960
2687,Q9NX63
2688,P24752
2689,Q9H313-3
2690,O43681
2691,Q7L266
2692,P07741-1
2693,P35241-5
2694,P20073-1
2695,P60174
2696,O75521
2697,O14980
2698,Q7Z6K5-2
2699,Q7LBR1
2700,P35908
2701,Q07002-3
2702,Q16595-1
2703,Q8IYB5
2704,Q92499
2705,P18085
2706,Q9NP72
2707,Q969L2
2708,Q9UQE7
2709,Q16222-1
2710,Q9UJZ1
2711,P05455
2712,O75044
2713,A6NHX0
2714,P55287-1
2715,O75912
2716,Q9UBT2
2717,Q92973-1
2718,P62263
2719,P54652
2720,P63241-2
2721,O94973
2722,P45381
2723,P19971
2724,Q9BQE5
2725,Q9BY43-2
2726,P47736-4
2727,Q6IQ22
2728,Q8NBM8
2729,Q9UHY7
2730,P28066-1
2731,Q9P0K1
2732,Q9NP97
2733,Q9Y6M9
2734,P61586
2735,Q12765-2
2736,P04179
2737,P62760
2738,O96000
2739,O14949
2740,P52907
2741,Q9H4A3-7
2742,P47813
2743,Q13409-7
2744,Q5T848
2745,A6NGB9
2746,Q14155
2747,P04181-1
2748,P61224-1
2749,Q9H078-2
2750,P23471-1
2751,O15031
2752,Q15126
2753,P62937
2754,O14561
2755,Q96QK1
2756,Q6P1N0
2757,P13693
2758,Q92506
2759,O75489
2760,Q02952-1
2761,Q9NZD2
2762,Q9UBQ0
2763,O43747-2
2764,P23381
2765,Q8WVJ2
2766,P84095
2767,O75078-1
2768,Q9HD26-1
2769,Q9Y2K9
2770,O00186
2771,Q7RTP6
2772,P56385
2773,Q9BVG4
2774,P82909
2775,P27797
2776,Q16891
2777,Q9Y3D6
2778,Q9Y6K8
2779,P27361-1
2780,Q9P2R7
2781,Q96FV2
2782,O00330-1
2783,P29992
2784,Q14012
2785,Q9UDY2-7
2786,P07196
2787,Q14980-1
2788,A5YM72-3
2789,Q71U36
2790,Q9H4G4
2791,Q96A72
2792,O95197
2793,Q14168-4
2794,P50502
2795,P51693-2
2796,P61328-1
2797,O60716-1
2798,Q99733-2
2799,P56192
2800,P62140
2801,Q03252
2802,Q2TB90-1
2803,P62917
2804,Q9NUP9
2805,Q15651-1
2806,Q92556-1
2807,P36915-1
2808,P07197
2809,Q13404-1
2810,O95782
2811,Q7L576-1
2812,P02686-3
2813,Q9Y281-1
2814,Q7L1S5
2815,Q9NY33
2816,Q02750
2817,P08758
2818,P30084
2819,O00408-1
2820,P46108-1
2821,P67870
2822,P07998
2823,P56381
2824,P61077-2
2825,P45954
2826,P56181
2827,P06753-5
2828,Q12906-7
2829,P31943
2830,P11182
2831,Q9Y4J8-10
2832,Q5TFE4
2833,Q9BPU6
2834,P26641-2
2835,P49588
2836,P16112
2837,P11532-1
2838,Q9H7Z7
2839,O43399-3
2840,P14324
2841,Q92597
2842,P05413
2843,A0MZ66-3
2844,Q15365
2845,P05204
2846,P48643
2847,Q9UMF0
2848,P84077
2849,P12956
2850,Q9H3Z4
2851,O95208-2
2852,P31040
2853,O00499
2854,Q12904-2
2855,P99999
2856,O95057
2857,P36542-1
2858,Q9NRX4
2859,Q96F07-2
2860,O75208-1
2861,Q9NTK5-1
2862,P27816-1
2863,Q05469-1
2864,Q9H299
2865,P10599-1
2866,P48426
2867,O43237
2868,Q8WXD2-1
