,NodesPerBlock,Config,Selection Method,NodeCount,EdgeCount,Accuracy,Precision,Recall,F1Score
0,5,Config(wb),OnPLs,16,24,0.8666666666666666,0.7892857142857144,0.8380952380952381,0.8119413919413919
1,5,Config(wb),OnPLs,16,24,0.8666666666666666,0.7892857142857144,0.8380952380952381,0.8119413919413919
2,5,Config(wb),OnPLs,16,24,0.8666666666666666,0.7892857142857144,0.8380952380952381,0.8119413919413919
3,5,Config(wb),OnPLs,16,24,0.8666666666666666,0.7892857142857144,0.8380952380952381,0.8119413919413919
4,5,Config(wb),OnPLs,16,24,0.8666666666666666,0.7892857142857144,0.8380952380952381,0.8119413919413919
5,5,Config(wb),OnPLs,16,24,0.8666666666666666,0.7892857142857144,0.8380952380952381,0.8119413919413919
6,5,Config(wb),OnPLs,16,24,0.8666666666666666,0.7892857142857144,0.8380952380952381,0.8119413919413919
7,5,Config(wb),OnPLs,16,24,0.8666666666666666,0.7892857142857144,0.8380952380952381,0.8119413919413919
8,5,Config(wb),OnPLs,16,24,0.8666666666666666,0.7892857142857144,0.8380952380952381,0.8119413919413919
9,5,Config(wb),OnPLs,16,24,0.8666666666666666,0.7892857142857144,0.8380952380952381,0.8119413919413919
10,5,Config(wb),OnPLs,16,24,0.8666666666666666,0.7892857142857144,0.8380952380952381,0.8119413919413919
11,5,Config(wb),OnPLs,16,24,0.8666666666666666,0.7892857142857144,0.8380952380952381,0.8119413919413919
12,5,Config(wb),OnPLs,16,24,0.8666666666666666,0.7892857142857144,0.8380952380952381,0.8119413919413919
13,5,Config(wb),OnPLs,16,24,0.8666666666666666,0.7892857142857144,0.8380952380952381,0.8119413919413919
14,5,Config(wb),OnPLs,16,24,0.8666666666666666,0.7892857142857144,0.8380952380952381,0.8119413919413919
15,5,Config(wb),OnPLs,16,24,0.8666666666666666,0.7892857142857144,0.8380952380952381,0.8119413919413919
16,5,Config(wb),OnPLs,16,24,0.8666666666666666,0.7892857142857144,0.8380952380952381,0.8119413919413919
17,5,Config(wb),OnPLs,16,24,0.8666666666666666,0.7892857142857144,0.8380952380952381,0.8119413919413919
18,5,Config(wb),OnPLs,16,24,0.8666666666666666,0.7892857142857144,0.8380952380952381,0.8119413919413919
19,5,Config(wb),OnPLs,16,24,0.8666666666666666,0.7892857142857144,0.8380952380952381,0.8119413919413919
20,5,Config(wb),OnPLs,16,24,0.8666666666666666,0.7892857142857144,0.8380952380952381,0.8119413919413919
21,5,Config(wb),OnPLs,16,24,0.8666666666666666,0.7892857142857144,0.8380952380952381,0.8119413919413919
22,5,Config(wb),OnPLs,16,24,0.8666666666666666,0.7892857142857144,0.8380952380952381,0.8119413919413919
23,5,Config(wb),OnPLs,16,24,0.8666666666666666,0.7892857142857144,0.8380952380952381,0.8119413919413919
24,5,Config(wb),OnPLs,16,24,0.8666666666666666,0.7892857142857144,0.8380952380952381,0.8119413919413919
25,5,Config(wb),OnPLs,16,24,0.8666666666666666,0.7892857142857144,0.8380952380952381,0.8119413919413919
26,5,Config(wb),OnPLs,16,24,0.8666666666666666,0.7892857142857144,0.8380952380952381,0.8119413919413919
27,5,Config(wb),OnPLs,16,24,0.8666666666666666,0.7892857142857144,0.8380952380952381,0.8119413919413919
28,5,Config(wb),OnPLs,16,24,0.8666666666666666,0.7892857142857144,0.8380952380952381,0.8119413919413919
29,5,Config(wb),OnPLs,16,24,0.8666666666666666,0.7892857142857144,0.8380952380952381,0.8119413919413919
30,5,Config(wb),OnPLs,16,24,0.8666666666666666,0.7892857142857144,0.8380952380952381,0.8119413919413919
31,5,Config(wb),OnPLs,16,24,0.8666666666666666,0.7892857142857144,0.8380952380952381,0.8119413919413919
32,5,Config(wb),OnPLs,16,24,0.8666666666666666,0.7892857142857144,0.8380952380952381,0.8119413919413919
33,5,Config(wb),OnPLs,16,24,0.8666666666666666,0.7892857142857144,0.8380952380952381,0.8119413919413919
34,5,Config(wb),OnPLs,16,24,0.8666666666666666,0.7892857142857144,0.8380952380952381,0.8119413919413919
35,5,Config(wb),OnPLs,16,24,0.8666666666666666,0.7892857142857144,0.8380952380952381,0.8119413919413919
36,5,Config(wb),OnPLs,16,24,0.8666666666666666,0.7892857142857144,0.8380952380952381,0.8119413919413919
37,5,Config(wb),OnPLs,16,24,0.8666666666666666,0.7892857142857144,0.8380952380952381,0.8119413919413919
38,5,Config(wb),OnPLs,16,24,0.8666666666666666,0.7892857142857144,0.8380952380952381,0.8119413919413919
39,5,Config(wb),OnPLs,16,24,0.8666666666666666,0.7892857142857144,0.8380952380952381,0.8119413919413919
40,5,Config(wb),OnPLs,16,24,0.8666666666666666,0.7892857142857144,0.8380952380952381,0.8119413919413919
41,5,Config(wb),OnPLs,16,24,0.8666666666666666,0.7892857142857144,0.8380952380952381,0.8119413919413919
42,5,Config(wb),OnPLs,16,24,0.8666666666666666,0.7892857142857144,0.8380952380952381,0.8119413919413919
43,5,Config(wb),OnPLs,16,24,0.8666666666666666,0.7892857142857144,0.8380952380952381,0.8119413919413919
44,5,Config(wb),OnPLs,16,24,0.8666666666666666,0.7892857142857144,0.8380952380952381,0.8119413919413919
45,5,Config(wb),OnPLs,16,24,0.8666666666666666,0.7892857142857144,0.8380952380952381,0.8119413919413919
46,5,Config(wb),OnPLs,16,24,0.8666666666666666,0.7892857142857144,0.8380952380952381,0.8119413919413919
47,5,Config(wb),OnPLs,16,24,0.8666666666666666,0.7892857142857144,0.8380952380952381,0.8119413919413919
48,5,Config(wb),OnPLs,16,24,0.8666666666666666,0.7892857142857144,0.8380952380952381,0.8119413919413919
49,5,Config(wb),OnPLs,16,24,0.8666666666666666,0.7892857142857144,0.8380952380952381,0.8119413919413919
50,5,Config(wb),OnPLs,16,24,0.8666666666666666,0.7892857142857144,0.8380952380952381,0.8119413919413919
51,5,Config(wb),OnPLs,16,24,0.8666666666666666,0.7892857142857144,0.8380952380952381,0.8119413919413919
52,5,Config(wb),OnPLs,16,24,0.8666666666666666,0.7892857142857144,0.8380952380952381,0.8119413919413919
53,5,Config(wb),OnPLs,16,24,0.8666666666666666,0.7892857142857144,0.8380952380952381,0.8119413919413919
54,5,Config(wb),OnPLs,16,24,0.8666666666666666,0.7892857142857144,0.8380952380952381,0.8119413919413919
55,5,Config(wb),OnPLs,16,24,0.8666666666666666,0.7892857142857144,0.8380952380952381,0.8119413919413919
56,5,Config(wb),OnPLs,16,24,0.8666666666666666,0.7892857142857144,0.8380952380952381,0.8119413919413919
57,5,Config(wb),OnPLs,16,24,0.8666666666666666,0.7892857142857144,0.8380952380952381,0.8119413919413919
58,5,Config(wb),OnPLs,16,24,0.8666666666666666,0.7892857142857144,0.8380952380952381,0.8119413919413919
59,5,Config(wb),OnPLs,16,24,0.8666666666666666,0.7892857142857144,0.8380952380952381,0.8119413919413919
60,5,Config(wb),OnPLs,16,24,0.8666666666666666,0.7892857142857144,0.8380952380952381,0.8119413919413919
61,5,Config(wb),OnPLs,16,24,0.8666666666666666,0.7892857142857144,0.8380952380952381,0.8119413919413919
62,5,Config(wb),OnPLs,16,24,0.8666666666666666,0.7892857142857144,0.8380952380952381,0.8119413919413919
63,5,Config(wb),OnPLs,16,24,0.8666666666666666,0.7892857142857144,0.8380952380952381,0.8119413919413919
64,5,Config(wb),OnPLs,16,24,0.8666666666666666,0.7892857142857144,0.8380952380952381,0.8119413919413919
65,5,Config(wb),OnPLs,16,24,0.8666666666666666,0.7892857142857144,0.8380952380952381,0.8119413919413919
66,5,Config(wb),OnPLs,16,24,0.8666666666666666,0.7892857142857144,0.8380952380952381,0.8119413919413919
67,5,Config(wb),OnPLs,16,24,0.8666666666666666,0.7892857142857144,0.8380952380952381,0.8119413919413919
68,5,Config(wb),OnPLs,16,24,0.8666666666666666,0.7892857142857144,0.8380952380952381,0.8119413919413919
69,5,Config(wb),OnPLs,16,24,0.8666666666666666,0.7892857142857144,0.8380952380952381,0.8119413919413919
70,5,Config(wb),OnPLs,16,24,0.8666666666666666,0.7892857142857144,0.8380952380952381,0.8119413919413919
71,5,Config(wb),OnPLs,16,24,0.8666666666666666,0.7892857142857144,0.8380952380952381,0.8119413919413919
72,5,Config(wb),OnPLs,16,24,0.8666666666666666,0.7892857142857144,0.8380952380952381,0.8119413919413919
73,5,Config(wb),OnPLs,16,24,0.8666666666666666,0.7892857142857144,0.8380952380952381,0.8119413919413919
74,5,Config(wb),OnPLs,16,24,0.8666666666666666,0.7892857142857144,0.8380952380952381,0.8119413919413919
75,5,Config(wb),OnPLs,16,24,0.8666666666666666,0.7892857142857144,0.8380952380952381,0.8119413919413919
76,5,Config(wb),OnPLs,16,24,0.8666666666666666,0.7892857142857144,0.8380952380952381,0.8119413919413919
77,5,Config(wb),OnPLs,16,24,0.8666666666666666,0.7892857142857144,0.8380952380952381,0.8119413919413919
78,5,Config(wb),OnPLs,16,24,0.8666666666666666,0.7892857142857144,0.8380952380952381,0.8119413919413919
79,5,Config(wb),OnPLs,16,24,0.8666666666666666,0.7892857142857144,0.8380952380952381,0.8119413919413919
80,5,Config(wb),OnPLs,16,24,0.8666666666666666,0.7892857142857144,0.8380952380952381,0.8119413919413919
81,5,Config(wb),OnPLs,16,24,0.8666666666666666,0.7892857142857144,0.8380952380952381,0.8119413919413919
82,5,Config(wb),OnPLs,16,24,0.8666666666666666,0.7892857142857144,0.8380952380952381,0.8119413919413919
83,5,Config(wb),OnPLs,16,24,0.8666666666666666,0.7892857142857144,0.8380952380952381,0.8119413919413919
84,5,Config(wb),OnPLs,16,24,0.8666666666666666,0.7892857142857144,0.8380952380952381,0.8119413919413919
85,5,Config(wb),OnPLs,16,24,0.8666666666666666,0.7892857142857144,0.8380952380952381,0.8119413919413919
86,5,Config(wb),OnPLs,16,24,0.8666666666666666,0.7892857142857144,0.8380952380952381,0.8119413919413919
87,5,Config(wb),OnPLs,16,24,0.8666666666666666,0.7892857142857144,0.8380952380952381,0.8119413919413919
88,5,Config(wb),OnPLs,16,24,0.8666666666666666,0.7892857142857144,0.8380952380952381,0.8119413919413919
89,5,Config(wb),OnPLs,16,24,0.8666666666666666,0.7892857142857144,0.8380952380952381,0.8119413919413919
90,5,Config(wb),OnPLs,16,24,0.8666666666666666,0.7892857142857144,0.8380952380952381,0.8119413919413919
91,5,Config(wb),OnPLs,16,24,0.8666666666666666,0.7892857142857144,0.8380952380952381,0.8119413919413919
92,5,Config(wb),OnPLs,16,24,0.8666666666666666,0.7892857142857144,0.8380952380952381,0.8119413919413919
93,5,Config(wb),OnPLs,16,24,0.8666666666666666,0.7892857142857144,0.8380952380952381,0.8119413919413919
94,5,Config(wb),OnPLs,16,24,0.8666666666666666,0.7892857142857144,0.8380952380952381,0.8119413919413919
95,5,Config(wb),OnPLs,16,24,0.8666666666666666,0.7892857142857144,0.8380952380952381,0.8119413919413919
96,5,Config(wb),OnPLs,16,24,0.8666666666666666,0.7892857142857144,0.8380952380952381,0.8119413919413919
97,5,Config(wb),OnPLs,16,24,0.8666666666666666,0.7892857142857144,0.8380952380952381,0.8119413919413919
98,5,Config(wb),OnPLs,16,24,0.8666666666666666,0.7892857142857144,0.8380952380952381,0.8119413919413919
99,5,Config(wb),OnPLs,16,24,0.8666666666666666,0.7892857142857144,0.8380952380952381,0.8119413919413919
100,5,Config(wb),OnPLs,16,24,0.8666666666666666,0.7892857142857144,0.8380952380952381,0.8119413919413919
101,15,Config(wb),OnPLs,46,71,0.8666666666666666,0.8547619047619047,0.8857142857142858,0.8541391941391941
102,15,Config(wb),OnPLs,46,72,0.8666666666666666,0.8547619047619047,0.8857142857142858,0.8541391941391941
103,15,Config(wb),OnPLs,46,71,0.7833333333333333,0.7880952380952381,0.8285714285714286,0.7474725274725275
104,15,Config(wb),OnPLs,46,72,0.7833333333333333,0.7880952380952381,0.8285714285714286,0.7474725274725275
105,15,Config(wb),OnPLs,46,72,0.8666666666666666,0.8547619047619047,0.8857142857142858,0.8541391941391941
106,15,Config(wb),OnPLs,46,71,0.7833333333333333,0.7880952380952381,0.8285714285714286,0.7474725274725275
107,15,Config(wb),OnPLs,46,71,0.7833333333333333,0.7880952380952381,0.8285714285714286,0.7474725274725275
108,15,Config(wb),OnPLs,46,71,0.8666666666666666,0.8547619047619047,0.8857142857142858,0.8541391941391941
109,15,Config(wb),OnPLs,46,71,0.8666666666666666,0.8547619047619047,0.8857142857142858,0.8541391941391941
110,15,Config(wb),OnPLs,46,71,0.8666666666666666,0.8547619047619047,0.8857142857142858,0.8541391941391941
111,15,Config(wb),OnPLs,46,72,0.7833333333333333,0.7880952380952381,0.8285714285714286,0.7474725274725275
112,15,Config(wb),OnPLs,46,72,0.8666666666666666,0.8547619047619047,0.8857142857142858,0.8541391941391941
113,15,Config(wb),OnPLs,46,72,0.8666666666666666,0.8547619047619047,0.8857142857142858,0.8541391941391941
114,15,Config(wb),OnPLs,46,72,0.8666666666666666,0.8547619047619047,0.8857142857142858,0.8541391941391941
115,15,Config(wb),OnPLs,46,72,0.8666666666666666,0.8547619047619047,0.8857142857142858,0.8541391941391941
116,15,Config(wb),OnPLs,46,72,0.8666666666666666,0.8547619047619047,0.8857142857142858,0.8541391941391941
117,15,Config(wb),OnPLs,46,71,0.8666666666666666,0.8547619047619047,0.8857142857142858,0.8541391941391941
118,15,Config(wb),OnPLs,46,71,0.7833333333333333,0.7880952380952381,0.8285714285714286,0.7474725274725275
119,15,Config(wb),OnPLs,46,72,0.8666666666666666,0.8547619047619047,0.8857142857142858,0.8541391941391941
120,15,Config(wb),OnPLs,46,71,0.8666666666666666,0.8547619047619047,0.8857142857142858,0.8541391941391941
121,15,Config(wb),OnPLs,46,71,0.8666666666666666,0.8547619047619047,0.8857142857142858,0.8541391941391941
122,15,Config(wb),OnPLs,46,72,0.7833333333333333,0.7880952380952381,0.8285714285714286,0.7474725274725275
123,15,Config(wb),OnPLs,46,72,0.8666666666666666,0.8547619047619047,0.8857142857142858,0.8541391941391941
124,15,Config(wb),OnPLs,46,72,0.7833333333333333,0.7880952380952381,0.8285714285714286,0.7474725274725275
125,15,Config(wb),OnPLs,46,72,0.7833333333333333,0.7880952380952381,0.8285714285714286,0.7474725274725275
126,15,Config(wb),OnPLs,46,71,0.7833333333333333,0.7880952380952381,0.8285714285714286,0.7474725274725275
127,15,Config(wb),OnPLs,46,72,0.8666666666666666,0.8547619047619047,0.8857142857142858,0.8541391941391941
128,15,Config(wb),OnPLs,46,71,0.7833333333333333,0.7880952380952381,0.8285714285714286,0.7474725274725275
129,15,Config(wb),OnPLs,46,71,0.8666666666666666,0.8547619047619047,0.8857142857142858,0.8541391941391941
130,15,Config(wb),OnPLs,46,72,0.7833333333333333,0.7880952380952381,0.8285714285714286,0.7474725274725275
131,15,Config(wb),OnPLs,46,71,0.7833333333333333,0.7880952380952381,0.8285714285714286,0.7474725274725275
132,15,Config(wb),OnPLs,46,72,0.8666666666666666,0.8547619047619047,0.8857142857142858,0.8541391941391941
133,15,Config(wb),OnPLs,46,72,0.8666666666666666,0.8547619047619047,0.8857142857142858,0.8541391941391941
134,15,Config(wb),OnPLs,46,72,0.7833333333333333,0.7880952380952381,0.8285714285714286,0.7474725274725275
135,15,Config(wb),OnPLs,46,71,0.7833333333333333,0.7880952380952381,0.8285714285714286,0.7474725274725275
136,15,Config(wb),OnPLs,46,71,0.7833333333333333,0.7880952380952381,0.8285714285714286,0.7474725274725275
137,15,Config(wb),OnPLs,46,72,0.7833333333333333,0.7880952380952381,0.8285714285714286,0.7474725274725275
138,15,Config(wb),OnPLs,46,71,0.7833333333333333,0.7880952380952381,0.8285714285714286,0.7474725274725275
139,15,Config(wb),OnPLs,46,71,0.7833333333333333,0.7880952380952381,0.8285714285714286,0.7474725274725275
140,15,Config(wb),OnPLs,46,72,0.8666666666666666,0.8547619047619047,0.8857142857142858,0.8541391941391941
141,15,Config(wb),OnPLs,46,71,0.7833333333333333,0.7880952380952381,0.8285714285714286,0.7474725274725275
142,15,Config(wb),OnPLs,46,71,0.7833333333333333,0.7880952380952381,0.8285714285714286,0.7474725274725275
143,15,Config(wb),OnPLs,46,71,0.7833333333333333,0.7880952380952381,0.8285714285714286,0.7474725274725275
144,15,Config(wb),OnPLs,46,72,0.8666666666666666,0.8547619047619047,0.8857142857142858,0.8541391941391941
145,15,Config(wb),OnPLs,46,71,0.8666666666666666,0.8547619047619047,0.8857142857142858,0.8541391941391941
146,15,Config(wb),OnPLs,46,72,0.7833333333333333,0.7880952380952381,0.8285714285714286,0.7474725274725275
147,15,Config(wb),OnPLs,46,72,0.7833333333333333,0.7880952380952381,0.8285714285714286,0.7474725274725275
148,15,Config(wb),OnPLs,46,72,0.7833333333333333,0.7880952380952381,0.8285714285714286,0.7474725274725275
149,15,Config(wb),OnPLs,46,71,0.7833333333333333,0.7880952380952381,0.8285714285714286,0.7474725274725275
150,15,Config(wb),OnPLs,46,72,0.8666666666666666,0.8547619047619047,0.8857142857142858,0.8541391941391941
151,15,Config(wb),OnPLs,46,72,0.7833333333333333,0.7880952380952381,0.8285714285714286,0.7474725274725275
152,15,Config(wb),OnPLs,46,71,0.8666666666666666,0.8547619047619047,0.8857142857142858,0.8541391941391941
153,15,Config(wb),OnPLs,46,71,0.8666666666666666,0.8547619047619047,0.8857142857142858,0.8541391941391941
154,15,Config(wb),OnPLs,46,71,0.7833333333333333,0.7880952380952381,0.8285714285714286,0.7474725274725275
155,15,Config(wb),OnPLs,46,72,0.8666666666666666,0.8547619047619047,0.8857142857142858,0.8541391941391941
156,15,Config(wb),OnPLs,46,72,0.7833333333333333,0.7880952380952381,0.8285714285714286,0.7474725274725275
157,15,Config(wb),OnPLs,46,71,0.8666666666666666,0.8547619047619047,0.8857142857142858,0.8541391941391941
158,15,Config(wb),OnPLs,46,72,0.8666666666666666,0.8547619047619047,0.8857142857142858,0.8541391941391941
159,15,Config(wb),OnPLs,46,72,0.7833333333333333,0.7880952380952381,0.8285714285714286,0.7474725274725275
160,15,Config(wb),OnPLs,46,71,0.8666666666666666,0.8547619047619047,0.8857142857142858,0.8541391941391941
161,15,Config(wb),OnPLs,46,71,0.7833333333333333,0.7880952380952381,0.8285714285714286,0.7474725274725275
162,15,Config(wb),OnPLs,46,72,0.8666666666666666,0.8547619047619047,0.8857142857142858,0.8541391941391941
163,15,Config(wb),OnPLs,46,71,0.8666666666666666,0.8547619047619047,0.8857142857142858,0.8541391941391941
164,15,Config(wb),OnPLs,46,72,0.8666666666666666,0.8547619047619047,0.8857142857142858,0.8541391941391941
165,15,Config(wb),OnPLs,46,71,0.7833333333333333,0.7880952380952381,0.8285714285714286,0.7474725274725275
166,15,Config(wb),OnPLs,46,72,0.7833333333333333,0.7880952380952381,0.8285714285714286,0.7474725274725275
167,15,Config(wb),OnPLs,46,71,0.7833333333333333,0.7880952380952381,0.8285714285714286,0.7474725274725275
168,15,Config(wb),OnPLs,46,72,0.7833333333333333,0.7880952380952381,0.8285714285714286,0.7474725274725275
169,15,Config(wb),OnPLs,46,72,0.7833333333333333,0.7880952380952381,0.8285714285714286,0.7474725274725275
170,15,Config(wb),OnPLs,46,72,0.7833333333333333,0.7880952380952381,0.8285714285714286,0.7474725274725275
171,15,Config(wb),OnPLs,46,72,0.8666666666666666,0.8547619047619047,0.8857142857142858,0.8541391941391941
172,15,Config(wb),OnPLs,46,71,0.8666666666666666,0.8547619047619047,0.8857142857142858,0.8541391941391941
173,15,Config(wb),OnPLs,46,71,0.8666666666666666,0.8547619047619047,0.8857142857142858,0.8541391941391941
174,15,Config(wb),OnPLs,46,71,0.7833333333333333,0.7880952380952381,0.8285714285714286,0.7474725274725275
175,15,Config(wb),OnPLs,46,71,0.7833333333333333,0.7880952380952381,0.8285714285714286,0.7474725274725275
176,15,Config(wb),OnPLs,46,72,0.7833333333333333,0.7880952380952381,0.8285714285714286,0.7474725274725275
177,15,Config(wb),OnPLs,46,71,0.7833333333333333,0.7880952380952381,0.8285714285714286,0.7474725274725275
178,15,Config(wb),OnPLs,46,71,0.8666666666666666,0.8547619047619047,0.8857142857142858,0.8541391941391941
179,15,Config(wb),OnPLs,46,71,0.8666666666666666,0.8547619047619047,0.8857142857142858,0.8541391941391941
180,15,Config(wb),OnPLs,46,72,0.7833333333333333,0.7880952380952381,0.8285714285714286,0.7474725274725275
181,15,Config(wb),OnPLs,46,72,0.8666666666666666,0.8547619047619047,0.8857142857142858,0.8541391941391941
182,15,Config(wb),OnPLs,46,72,0.7833333333333333,0.7880952380952381,0.8285714285714286,0.7474725274725275
183,15,Config(wb),OnPLs,46,72,0.8666666666666666,0.8547619047619047,0.8857142857142858,0.8541391941391941
184,15,Config(wb),OnPLs,46,71,0.8666666666666666,0.8547619047619047,0.8857142857142858,0.8541391941391941
185,15,Config(wb),OnPLs,46,72,0.8666666666666666,0.8547619047619047,0.8857142857142858,0.8541391941391941
186,15,Config(wb),OnPLs,46,71,0.8666666666666666,0.8547619047619047,0.8857142857142858,0.8541391941391941
187,15,Config(wb),OnPLs,46,72,0.7833333333333333,0.7880952380952381,0.8285714285714286,0.7474725274725275
188,15,Config(wb),OnPLs,46,71,0.8666666666666666,0.8547619047619047,0.8857142857142858,0.8541391941391941
189,15,Config(wb),OnPLs,46,71,0.8666666666666666,0.8547619047619047,0.8857142857142858,0.8541391941391941
190,15,Config(wb),OnPLs,46,72,0.7833333333333333,0.7880952380952381,0.8285714285714286,0.7474725274725275
191,15,Config(wb),OnPLs,46,72,0.8666666666666666,0.8547619047619047,0.8857142857142858,0.8541391941391941
192,15,Config(wb),OnPLs,46,72,0.7833333333333333,0.7880952380952381,0.8285714285714286,0.7474725274725275
193,15,Config(wb),OnPLs,46,72,0.7833333333333333,0.7880952380952381,0.8285714285714286,0.7474725274725275
194,15,Config(wb),OnPLs,46,72,0.8666666666666666,0.8547619047619047,0.8857142857142858,0.8541391941391941
195,15,Config(wb),OnPLs,46,71,0.7833333333333333,0.7880952380952381,0.8285714285714286,0.7474725274725275
196,15,Config(wb),OnPLs,46,72,0.7833333333333333,0.7880952380952381,0.8285714285714286,0.7474725274725275
197,15,Config(wb),OnPLs,46,71,0.8666666666666666,0.8547619047619047,0.8857142857142858,0.8541391941391941
198,15,Config(wb),OnPLs,46,71,0.7833333333333333,0.7880952380952381,0.8285714285714286,0.7474725274725275
199,15,Config(wb),OnPLs,46,72,0.8666666666666666,0.8547619047619047,0.8857142857142858,0.8541391941391941
200,15,Config(wb),OnPLs,46,72,0.7833333333333333,0.7880952380952381,0.8285714285714286,0.7474725274725275
201,25,Config(wb),OnPLs,76,151,0.8666666666666666,0.8547619047619047,0.8857142857142858,0.8541391941391941
202,25,Config(wb),OnPLs,76,151,0.8166666666666667,0.8380952380952381,0.7714285714285715,0.7758974358974358
203,25,Config(wb),OnPLs,76,152,0.8666666666666666,0.8547619047619047,0.8857142857142858,0.8541391941391941
204,25,Config(wb),OnPLs,76,150,0.8166666666666667,0.8380952380952381,0.7714285714285715,0.7758974358974358
205,25,Config(wb),OnPLs,76,150,0.8166666666666667,0.8380952380952381,0.7714285714285715,0.7758974358974358
206,25,Config(wb),OnPLs,76,151,0.8166666666666667,0.8380952380952381,0.7714285714285715,0.7758974358974358
207,25,Config(wb),OnPLs,76,150,0.8166666666666667,0.8380952380952381,0.7714285714285715,0.7758974358974358
208,25,Config(wb),OnPLs,76,151,0.8666666666666666,0.8547619047619047,0.8857142857142858,0.8541391941391941
209,25,Config(wb),OnPLs,76,150,0.8666666666666666,0.8547619047619047,0.8857142857142858,0.8541391941391941
210,25,Config(wb),OnPLs,76,150,0.8666666666666666,0.8547619047619047,0.8857142857142858,0.8541391941391941
211,25,Config(wb),OnPLs,76,150,0.8166666666666667,0.8380952380952381,0.7714285714285715,0.7758974358974358
212,25,Config(wb),OnPLs,76,150,0.8666666666666666,0.8547619047619047,0.8857142857142858,0.8541391941391941
213,25,Config(wb),OnPLs,76,151,0.8666666666666666,0.8547619047619047,0.8857142857142858,0.8541391941391941
214,25,Config(wb),OnPLs,76,151,0.8166666666666667,0.8380952380952381,0.7714285714285715,0.7758974358974358
215,25,Config(wb),OnPLs,76,151,0.8166666666666667,0.8380952380952381,0.7714285714285715,0.7758974358974358
216,25,Config(wb),OnPLs,76,151,0.8166666666666667,0.8380952380952381,0.7714285714285715,0.7758974358974358
217,25,Config(wb),OnPLs,76,150,0.8166666666666667,0.8380952380952381,0.7714285714285715,0.7758974358974358
218,25,Config(wb),OnPLs,76,151,0.8666666666666666,0.8547619047619047,0.8857142857142858,0.8541391941391941
219,25,Config(wb),OnPLs,76,151,0.8166666666666667,0.8380952380952381,0.7714285714285715,0.7758974358974358
220,25,Config(wb),OnPLs,76,151,0.8666666666666666,0.8547619047619047,0.8857142857142858,0.8541391941391941
221,25,Config(wb),OnPLs,76,151,0.8166666666666667,0.8380952380952381,0.7714285714285715,0.7758974358974358
222,25,Config(wb),OnPLs,76,151,0.8166666666666667,0.8380952380952381,0.7714285714285715,0.7758974358974358
223,25,Config(wb),OnPLs,76,151,0.8166666666666667,0.8380952380952381,0.7714285714285715,0.7758974358974358
224,25,Config(wb),OnPLs,76,152,0.8666666666666666,0.8547619047619047,0.8857142857142858,0.8541391941391941
225,25,Config(wb),OnPLs,76,150,0.8166666666666667,0.8380952380952381,0.7714285714285715,0.7758974358974358
226,25,Config(wb),OnPLs,76,151,0.8166666666666667,0.8380952380952381,0.7714285714285715,0.7758974358974358
227,25,Config(wb),OnPLs,76,152,0.8666666666666666,0.8547619047619047,0.8857142857142858,0.8541391941391941
228,25,Config(wb),OnPLs,76,152,0.8666666666666666,0.8547619047619047,0.8857142857142858,0.8541391941391941
229,25,Config(wb),OnPLs,76,151,0.8166666666666667,0.8380952380952381,0.7714285714285715,0.7758974358974358
230,25,Config(wb),OnPLs,76,150,0.8166666666666667,0.8380952380952381,0.7714285714285715,0.7758974358974358
231,25,Config(wb),OnPLs,76,151,0.8666666666666666,0.8547619047619047,0.8857142857142858,0.8541391941391941
232,25,Config(wb),OnPLs,76,150,0.8166666666666667,0.8380952380952381,0.7714285714285715,0.7758974358974358
233,25,Config(wb),OnPLs,76,150,0.8166666666666667,0.8380952380952381,0.7714285714285715,0.7758974358974358
234,25,Config(wb),OnPLs,76,151,0.8166666666666667,0.8380952380952381,0.7714285714285715,0.7758974358974358
235,25,Config(wb),OnPLs,76,150,0.8166666666666667,0.8380952380952381,0.7714285714285715,0.7758974358974358
236,25,Config(wb),OnPLs,76,150,0.8166666666666667,0.8380952380952381,0.7714285714285715,0.7758974358974358
237,25,Config(wb),OnPLs,76,151,0.8666666666666666,0.8547619047619047,0.8857142857142858,0.8541391941391941
238,25,Config(wb),OnPLs,76,151,0.8666666666666666,0.8547619047619047,0.8857142857142858,0.8541391941391941
239,25,Config(wb),OnPLs,76,150,0.8666666666666666,0.8547619047619047,0.8857142857142858,0.8541391941391941
240,25,Config(wb),OnPLs,76,151,0.8166666666666667,0.8380952380952381,0.7714285714285715,0.7758974358974358
241,25,Config(wb),OnPLs,76,151,0.8666666666666666,0.8547619047619047,0.8857142857142858,0.8541391941391941
242,25,Config(wb),OnPLs,76,151,0.8166666666666667,0.8380952380952381,0.7714285714285715,0.7758974358974358
243,25,Config(wb),OnPLs,76,150,0.8166666666666667,0.8380952380952381,0.7714285714285715,0.7758974358974358
244,25,Config(wb),OnPLs,76,152,0.8666666666666666,0.8547619047619047,0.8857142857142858,0.8541391941391941
245,25,Config(wb),OnPLs,76,151,0.8666666666666666,0.8547619047619047,0.8857142857142858,0.8541391941391941
246,25,Config(wb),OnPLs,76,151,0.8166666666666667,0.8380952380952381,0.7714285714285715,0.7758974358974358
247,25,Config(wb),OnPLs,76,150,0.8166666666666667,0.8380952380952381,0.7714285714285715,0.7758974358974358
248,25,Config(wb),OnPLs,76,151,0.8166666666666667,0.8380952380952381,0.7714285714285715,0.7758974358974358
249,25,Config(wb),OnPLs,76,150,0.8166666666666667,0.8380952380952381,0.7714285714285715,0.7758974358974358
250,25,Config(wb),OnPLs,76,150,0.8666666666666666,0.8547619047619047,0.8857142857142858,0.8541391941391941
251,25,Config(wb),OnPLs,76,151,0.8166666666666667,0.8380952380952381,0.7714285714285715,0.7758974358974358
252,25,Config(wb),OnPLs,76,151,0.8666666666666666,0.8547619047619047,0.8857142857142858,0.8541391941391941
253,25,Config(wb),OnPLs,76,151,0.8166666666666667,0.8380952380952381,0.7714285714285715,0.7758974358974358
254,25,Config(wb),OnPLs,76,151,0.8166666666666667,0.8380952380952381,0.7714285714285715,0.7758974358974358
255,25,Config(wb),OnPLs,76,150,0.8166666666666667,0.8380952380952381,0.7714285714285715,0.7758974358974358
256,25,Config(wb),OnPLs,76,152,0.8666666666666666,0.8547619047619047,0.8857142857142858,0.8541391941391941
257,25,Config(wb),OnPLs,76,150,0.8666666666666666,0.8547619047619047,0.8857142857142858,0.8541391941391941
258,25,Config(wb),OnPLs,76,151,0.8166666666666667,0.8380952380952381,0.7714285714285715,0.7758974358974358
259,25,Config(wb),OnPLs,76,151,0.8666666666666666,0.8547619047619047,0.8857142857142858,0.8541391941391941
260,25,Config(wb),OnPLs,76,150,0.8166666666666667,0.8380952380952381,0.7714285714285715,0.7758974358974358
261,25,Config(wb),OnPLs,76,150,0.8166666666666667,0.8380952380952381,0.7714285714285715,0.7758974358974358
262,25,Config(wb),OnPLs,76,150,0.8166666666666667,0.8380952380952381,0.7714285714285715,0.7758974358974358
263,25,Config(wb),OnPLs,76,151,0.8166666666666667,0.8380952380952381,0.7714285714285715,0.7758974358974358
264,25,Config(wb),OnPLs,76,151,0.8666666666666666,0.8547619047619047,0.8857142857142858,0.8541391941391941
265,25,Config(wb),OnPLs,76,151,0.8666666666666666,0.8547619047619047,0.8857142857142858,0.8541391941391941
266,25,Config(wb),OnPLs,76,151,0.8666666666666666,0.8547619047619047,0.8857142857142858,0.8541391941391941
267,25,Config(wb),OnPLs,76,152,0.8666666666666666,0.8547619047619047,0.8857142857142858,0.8541391941391941
268,25,Config(wb),OnPLs,76,150,0.8166666666666667,0.8380952380952381,0.7714285714285715,0.7758974358974358
269,25,Config(wb),OnPLs,76,150,0.8166666666666667,0.8380952380952381,0.7714285714285715,0.7758974358974358
270,25,Config(wb),OnPLs,76,150,0.8166666666666667,0.8380952380952381,0.7714285714285715,0.7758974358974358
271,25,Config(wb),OnPLs,76,150,0.8166666666666667,0.8380952380952381,0.7714285714285715,0.7758974358974358
272,25,Config(wb),OnPLs,76,151,0.8166666666666667,0.8380952380952381,0.7714285714285715,0.7758974358974358
273,25,Config(wb),OnPLs,76,151,0.8166666666666667,0.8380952380952381,0.7714285714285715,0.7758974358974358
274,25,Config(wb),OnPLs,76,151,0.8666666666666666,0.8547619047619047,0.8857142857142858,0.8541391941391941
275,25,Config(wb),OnPLs,76,151,0.8166666666666667,0.8380952380952381,0.7714285714285715,0.7758974358974358
276,25,Config(wb),OnPLs,76,151,0.8166666666666667,0.8380952380952381,0.7714285714285715,0.7758974358974358
277,25,Config(wb),OnPLs,76,150,0.8166666666666667,0.8380952380952381,0.7714285714285715,0.7758974358974358
278,25,Config(wb),OnPLs,76,151,0.8166666666666667,0.8380952380952381,0.7714285714285715,0.7758974358974358
279,25,Config(wb),OnPLs,76,150,0.8166666666666667,0.8380952380952381,0.7714285714285715,0.7758974358974358
280,25,Config(wb),OnPLs,76,152,0.8666666666666666,0.8547619047619047,0.8857142857142858,0.8541391941391941
281,25,Config(wb),OnPLs,76,150,0.8166666666666667,0.8380952380952381,0.7714285714285715,0.7758974358974358
282,25,Config(wb),OnPLs,76,150,0.8666666666666666,0.8547619047619047,0.8857142857142858,0.8541391941391941
283,25,Config(wb),OnPLs,76,151,0.8666666666666666,0.8547619047619047,0.8857142857142858,0.8541391941391941
284,25,Config(wb),OnPLs,76,150,0.8166666666666667,0.8380952380952381,0.7714285714285715,0.7758974358974358
285,25,Config(wb),OnPLs,76,150,0.8166666666666667,0.8380952380952381,0.7714285714285715,0.7758974358974358
286,25,Config(wb),OnPLs,76,151,0.8666666666666666,0.8547619047619047,0.8857142857142858,0.8541391941391941
287,25,Config(wb),OnPLs,76,150,0.8166666666666667,0.8380952380952381,0.7714285714285715,0.7758974358974358
288,25,Config(wb),OnPLs,76,150,0.8166666666666667,0.8380952380952381,0.7714285714285715,0.7758974358974358
289,25,Config(wb),OnPLs,76,150,0.8166666666666667,0.8380952380952381,0.7714285714285715,0.7758974358974358
290,25,Config(wb),OnPLs,76,151,0.8666666666666666,0.8547619047619047,0.8857142857142858,0.8541391941391941
291,25,Config(wb),OnPLs,76,151,0.8666666666666666,0.8547619047619047,0.8857142857142858,0.8541391941391941
292,25,Config(wb),OnPLs,76,151,0.8666666666666666,0.8547619047619047,0.8857142857142858,0.8541391941391941
293,25,Config(wb),OnPLs,76,151,0.8666666666666666,0.8547619047619047,0.8857142857142858,0.8541391941391941
294,25,Config(wb),OnPLs,76,150,0.8166666666666667,0.8380952380952381,0.7714285714285715,0.7758974358974358
295,25,Config(wb),OnPLs,76,152,0.8666666666666666,0.8547619047619047,0.8857142857142858,0.8541391941391941
296,25,Config(wb),OnPLs,76,151,0.8666666666666666,0.8547619047619047,0.8857142857142858,0.8541391941391941
297,25,Config(wb),OnPLs,76,151,0.8166666666666667,0.8380952380952381,0.7714285714285715,0.7758974358974358
298,25,Config(wb),OnPLs,76,151,0.8666666666666666,0.8547619047619047,0.8857142857142858,0.8541391941391941
299,25,Config(wb),OnPLs,76,150,0.8166666666666667,0.8380952380952381,0.7714285714285715,0.7758974358974358
300,25,Config(wb),OnPLs,76,150,0.8666666666666666,0.8547619047619047,0.8857142857142858,0.8541391941391941
301,5,Config(wb),Correlation,16,24,0.8833333333333334,0.95,0.8571428571428571,0.8893772893772894
302,5,Config(wb),Correlation,16,24,0.8833333333333334,0.95,0.8571428571428571,0.8893772893772894
303,5,Config(wb),Correlation,16,24,0.8833333333333334,0.95,0.8571428571428571,0.8893772893772894
304,5,Config(wb),Correlation,16,24,0.8833333333333334,0.95,0.8571428571428571,0.8893772893772894
305,5,Config(wb),Correlation,16,24,0.8833333333333334,0.95,0.8571428571428571,0.8893772893772894
306,5,Config(wb),Correlation,16,24,0.8833333333333334,0.95,0.8571428571428571,0.8893772893772894
307,5,Config(wb),Correlation,16,24,0.8833333333333334,0.95,0.8571428571428571,0.8893772893772894
308,5,Config(wb),Correlation,16,24,0.8833333333333334,0.95,0.8571428571428571,0.8893772893772894
309,5,Config(wb),Correlation,16,24,0.8833333333333334,0.95,0.8571428571428571,0.8893772893772894
310,5,Config(wb),Correlation,16,24,0.8833333333333334,0.95,0.8571428571428571,0.8893772893772894
311,5,Config(wb),Correlation,16,24,0.8833333333333334,0.95,0.8571428571428571,0.8893772893772894
312,5,Config(wb),Correlation,16,24,0.8833333333333334,0.95,0.8571428571428571,0.8893772893772894
313,5,Config(wb),Correlation,16,24,0.8833333333333334,0.95,0.8571428571428571,0.8893772893772894
314,5,Config(wb),Correlation,16,24,0.8833333333333334,0.95,0.8571428571428571,0.8893772893772894
315,5,Config(wb),Correlation,16,24,0.8833333333333334,0.95,0.8571428571428571,0.8893772893772894
316,5,Config(wb),Correlation,16,24,0.8833333333333334,0.95,0.8571428571428571,0.8893772893772894
317,5,Config(wb),Correlation,16,24,0.8833333333333334,0.95,0.8571428571428571,0.8893772893772894
318,5,Config(wb),Correlation,16,24,0.8833333333333334,0.95,0.8571428571428571,0.8893772893772894
319,5,Config(wb),Correlation,16,24,0.8833333333333334,0.95,0.8571428571428571,0.8893772893772894
320,5,Config(wb),Correlation,16,24,0.8833333333333334,0.95,0.8571428571428571,0.8893772893772894
321,5,Config(wb),Correlation,16,24,0.8833333333333334,0.95,0.8571428571428571,0.8893772893772894
322,5,Config(wb),Correlation,16,24,0.8833333333333334,0.95,0.8571428571428571,0.8893772893772894
323,5,Config(wb),Correlation,16,24,0.8833333333333334,0.95,0.8571428571428571,0.8893772893772894
324,5,Config(wb),Correlation,16,24,0.8833333333333334,0.95,0.8571428571428571,0.8893772893772894
325,5,Config(wb),Correlation,16,24,0.8833333333333334,0.95,0.8571428571428571,0.8893772893772894
326,5,Config(wb),Correlation,16,24,0.8833333333333334,0.95,0.8571428571428571,0.8893772893772894
327,5,Config(wb),Correlation,16,24,0.8833333333333334,0.95,0.8571428571428571,0.8893772893772894
328,5,Config(wb),Correlation,16,24,0.8833333333333334,0.95,0.8571428571428571,0.8893772893772894
329,5,Config(wb),Correlation,16,24,0.8833333333333334,0.95,0.8571428571428571,0.8893772893772894
330,5,Config(wb),Correlation,16,24,0.8833333333333334,0.95,0.8571428571428571,0.8893772893772894
331,5,Config(wb),Correlation,16,24,0.8833333333333334,0.95,0.8571428571428571,0.8893772893772894
332,5,Config(wb),Correlation,16,24,0.8833333333333334,0.95,0.8571428571428571,0.8893772893772894
333,5,Config(wb),Correlation,16,24,0.8833333333333334,0.95,0.8571428571428571,0.8893772893772894
334,5,Config(wb),Correlation,16,24,0.8833333333333334,0.95,0.8571428571428571,0.8893772893772894
335,5,Config(wb),Correlation,16,24,0.8833333333333334,0.95,0.8571428571428571,0.8893772893772894
336,5,Config(wb),Correlation,16,24,0.8833333333333334,0.95,0.8571428571428571,0.8893772893772894
337,5,Config(wb),Correlation,16,24,0.8833333333333334,0.95,0.8571428571428571,0.8893772893772894
338,5,Config(wb),Correlation,16,24,0.8833333333333334,0.95,0.8571428571428571,0.8893772893772894
339,5,Config(wb),Correlation,16,24,0.8833333333333334,0.95,0.8571428571428571,0.8893772893772894
340,5,Config(wb),Correlation,16,24,0.8833333333333334,0.95,0.8571428571428571,0.8893772893772894
341,5,Config(wb),Correlation,16,24,0.8833333333333334,0.95,0.8571428571428571,0.8893772893772894
342,5,Config(wb),Correlation,16,24,0.8833333333333334,0.95,0.8571428571428571,0.8893772893772894
343,5,Config(wb),Correlation,16,24,0.8833333333333334,0.95,0.8571428571428571,0.8893772893772894
344,5,Config(wb),Correlation,16,24,0.8833333333333334,0.95,0.8571428571428571,0.8893772893772894
345,5,Config(wb),Correlation,16,24,0.8833333333333334,0.95,0.8571428571428571,0.8893772893772894
346,5,Config(wb),Correlation,16,24,0.8833333333333334,0.95,0.8571428571428571,0.8893772893772894
347,5,Config(wb),Correlation,16,24,0.8833333333333334,0.95,0.8571428571428571,0.8893772893772894
348,5,Config(wb),Correlation,16,24,0.8833333333333334,0.95,0.8571428571428571,0.8893772893772894
349,5,Config(wb),Correlation,16,24,0.8833333333333334,0.95,0.8571428571428571,0.8893772893772894
350,5,Config(wb),Correlation,16,24,0.8833333333333334,0.95,0.8571428571428571,0.8893772893772894
351,5,Config(wb),Correlation,16,24,0.8833333333333334,0.95,0.8571428571428571,0.8893772893772894
352,5,Config(wb),Correlation,16,24,0.8833333333333334,0.95,0.8571428571428571,0.8893772893772894
353,5,Config(wb),Correlation,16,24,0.8833333333333334,0.95,0.8571428571428571,0.8893772893772894
354,5,Config(wb),Correlation,16,24,0.8833333333333334,0.95,0.8571428571428571,0.8893772893772894
355,5,Config(wb),Correlation,16,24,0.8833333333333334,0.95,0.8571428571428571,0.8893772893772894
356,5,Config(wb),Correlation,16,24,0.8833333333333334,0.95,0.8571428571428571,0.8893772893772894
357,5,Config(wb),Correlation,16,24,0.8833333333333334,0.95,0.8571428571428571,0.8893772893772894
358,5,Config(wb),Correlation,16,24,0.8833333333333334,0.95,0.8571428571428571,0.8893772893772894
359,5,Config(wb),Correlation,16,24,0.8833333333333334,0.95,0.8571428571428571,0.8893772893772894
360,5,Config(wb),Correlation,16,24,0.8833333333333334,0.95,0.8571428571428571,0.8893772893772894
361,5,Config(wb),Correlation,16,24,0.8833333333333334,0.95,0.8571428571428571,0.8893772893772894
362,5,Config(wb),Correlation,16,24,0.8833333333333334,0.95,0.8571428571428571,0.8893772893772894
363,5,Config(wb),Correlation,16,24,0.8833333333333334,0.95,0.8571428571428571,0.8893772893772894
364,5,Config(wb),Correlation,16,24,0.8833333333333334,0.95,0.8571428571428571,0.8893772893772894
365,5,Config(wb),Correlation,16,24,0.8833333333333334,0.95,0.8571428571428571,0.8893772893772894
366,5,Config(wb),Correlation,16,24,0.8833333333333334,0.95,0.8571428571428571,0.8893772893772894
367,5,Config(wb),Correlation,16,24,0.8833333333333334,0.95,0.8571428571428571,0.8893772893772894
368,5,Config(wb),Correlation,16,24,0.8833333333333334,0.95,0.8571428571428571,0.8893772893772894
369,5,Config(wb),Correlation,16,24,0.8833333333333334,0.95,0.8571428571428571,0.8893772893772894
370,5,Config(wb),Correlation,16,24,0.8833333333333334,0.95,0.8571428571428571,0.8893772893772894
371,5,Config(wb),Correlation,16,24,0.8833333333333334,0.95,0.8571428571428571,0.8893772893772894
372,5,Config(wb),Correlation,16,24,0.8833333333333334,0.95,0.8571428571428571,0.8893772893772894
373,5,Config(wb),Correlation,16,24,0.8833333333333334,0.95,0.8571428571428571,0.8893772893772894
374,5,Config(wb),Correlation,16,24,0.8833333333333334,0.95,0.8571428571428571,0.8893772893772894
375,5,Config(wb),Correlation,16,24,0.8833333333333334,0.95,0.8571428571428571,0.8893772893772894
376,5,Config(wb),Correlation,16,24,0.8833333333333334,0.95,0.8571428571428571,0.8893772893772894
377,5,Config(wb),Correlation,16,24,0.8833333333333334,0.95,0.8571428571428571,0.8893772893772894
378,5,Config(wb),Correlation,16,24,0.8833333333333334,0.95,0.8571428571428571,0.8893772893772894
379,5,Config(wb),Correlation,16,24,0.8833333333333334,0.95,0.8571428571428571,0.8893772893772894
380,5,Config(wb),Correlation,16,24,0.8833333333333334,0.95,0.8571428571428571,0.8893772893772894
381,5,Config(wb),Correlation,16,24,0.8833333333333334,0.95,0.8571428571428571,0.8893772893772894
382,5,Config(wb),Correlation,16,24,0.8833333333333334,0.95,0.8571428571428571,0.8893772893772894
383,5,Config(wb),Correlation,16,24,0.8833333333333334,0.95,0.8571428571428571,0.8893772893772894
384,5,Config(wb),Correlation,16,24,0.8833333333333334,0.95,0.8571428571428571,0.8893772893772894
385,5,Config(wb),Correlation,16,24,0.8833333333333334,0.95,0.8571428571428571,0.8893772893772894
386,5,Config(wb),Correlation,16,24,0.8833333333333334,0.95,0.8571428571428571,0.8893772893772894
387,5,Config(wb),Correlation,16,24,0.8833333333333334,0.95,0.8571428571428571,0.8893772893772894
388,5,Config(wb),Correlation,16,24,0.8833333333333334,0.95,0.8571428571428571,0.8893772893772894
389,5,Config(wb),Correlation,16,24,0.8833333333333334,0.95,0.8571428571428571,0.8893772893772894
390,5,Config(wb),Correlation,16,24,0.8833333333333334,0.95,0.8571428571428571,0.8893772893772894
391,5,Config(wb),Correlation,16,24,0.8833333333333334,0.95,0.8571428571428571,0.8893772893772894
392,5,Config(wb),Correlation,16,24,0.8833333333333334,0.95,0.8571428571428571,0.8893772893772894
393,5,Config(wb),Correlation,16,24,0.8833333333333334,0.95,0.8571428571428571,0.8893772893772894
394,5,Config(wb),Correlation,16,24,0.8833333333333334,0.95,0.8571428571428571,0.8893772893772894
395,5,Config(wb),Correlation,16,24,0.8833333333333334,0.95,0.8571428571428571,0.8893772893772894
396,5,Config(wb),Correlation,16,24,0.8833333333333334,0.95,0.8571428571428571,0.8893772893772894
397,5,Config(wb),Correlation,16,24,0.8833333333333334,0.95,0.8571428571428571,0.8893772893772894
398,5,Config(wb),Correlation,16,24,0.8833333333333334,0.95,0.8571428571428571,0.8893772893772894
399,5,Config(wb),Correlation,16,24,0.8833333333333334,0.95,0.8571428571428571,0.8893772893772894
400,5,Config(wb),Correlation,16,24,0.8833333333333334,0.95,0.8571428571428571,0.8893772893772894
401,5,Config(wb),Correlation,16,24,0.8833333333333334,0.95,0.8571428571428571,0.8893772893772894
402,15,Config(wb),Correlation,46,79,0.8666666666666666,0.7333333333333333,0.7142857142857143,0.7112820512820512
403,15,Config(wb),Correlation,46,79,0.8666666666666666,0.7333333333333333,0.7142857142857143,0.7112820512820512
404,15,Config(wb),Correlation,46,79,0.8666666666666666,0.7333333333333333,0.7142857142857143,0.7112820512820512
405,15,Config(wb),Correlation,46,79,0.8666666666666666,0.7333333333333333,0.7142857142857143,0.7112820512820512
406,15,Config(wb),Correlation,46,79,0.8666666666666666,0.7333333333333333,0.7142857142857143,0.7112820512820512
407,15,Config(wb),Correlation,46,79,0.8666666666666666,0.7333333333333333,0.7142857142857143,0.7112820512820512
408,15,Config(wb),Correlation,46,79,0.8666666666666666,0.7333333333333333,0.7142857142857143,0.7112820512820512
409,15,Config(wb),Correlation,46,79,0.8666666666666666,0.7333333333333333,0.7142857142857143,0.7112820512820512
410,15,Config(wb),Correlation,46,79,0.8666666666666666,0.7333333333333333,0.7142857142857143,0.7112820512820512
411,15,Config(wb),Correlation,46,79,0.8666666666666666,0.7333333333333333,0.7142857142857143,0.7112820512820512
412,15,Config(wb),Correlation,46,79,0.8666666666666666,0.7333333333333333,0.7142857142857143,0.7112820512820512
413,15,Config(wb),Correlation,46,79,0.8666666666666666,0.7333333333333333,0.7142857142857143,0.7112820512820512
414,15,Config(wb),Correlation,46,79,0.8666666666666666,0.7333333333333333,0.7142857142857143,0.7112820512820512
415,15,Config(wb),Correlation,46,79,0.8666666666666666,0.7333333333333333,0.7142857142857143,0.7112820512820512
416,15,Config(wb),Correlation,46,79,0.8666666666666666,0.7333333333333333,0.7142857142857143,0.7112820512820512
417,15,Config(wb),Correlation,46,79,0.8666666666666666,0.7333333333333333,0.7142857142857143,0.7112820512820512
418,15,Config(wb),Correlation,46,79,0.8666666666666666,0.7333333333333333,0.7142857142857143,0.7112820512820512
419,15,Config(wb),Correlation,46,79,0.8666666666666666,0.7333333333333333,0.7142857142857143,0.7112820512820512
420,15,Config(wb),Correlation,46,79,0.8666666666666666,0.7333333333333333,0.7142857142857143,0.7112820512820512
421,15,Config(wb),Correlation,46,79,0.8666666666666666,0.7333333333333333,0.7142857142857143,0.7112820512820512
422,15,Config(wb),Correlation,46,79,0.8666666666666666,0.7333333333333333,0.7142857142857143,0.7112820512820512
423,15,Config(wb),Correlation,46,79,0.8666666666666666,0.7333333333333333,0.7142857142857143,0.7112820512820512
424,15,Config(wb),Correlation,46,79,0.8666666666666666,0.7333333333333333,0.7142857142857143,0.7112820512820512
425,15,Config(wb),Correlation,46,79,0.8666666666666666,0.7333333333333333,0.7142857142857143,0.7112820512820512
426,15,Config(wb),Correlation,46,79,0.8666666666666666,0.7333333333333333,0.7142857142857143,0.7112820512820512
427,15,Config(wb),Correlation,46,79,0.8666666666666666,0.7333333333333333,0.7142857142857143,0.7112820512820512
428,15,Config(wb),Correlation,46,79,0.8666666666666666,0.7333333333333333,0.7142857142857143,0.7112820512820512
429,15,Config(wb),Correlation,46,79,0.8666666666666666,0.7333333333333333,0.7142857142857143,0.7112820512820512
430,15,Config(wb),Correlation,46,79,0.8666666666666666,0.7333333333333333,0.7142857142857143,0.7112820512820512
431,15,Config(wb),Correlation,46,79,0.8666666666666666,0.7333333333333333,0.7142857142857143,0.7112820512820512
432,15,Config(wb),Correlation,46,79,0.8666666666666666,0.7333333333333333,0.7142857142857143,0.7112820512820512
433,15,Config(wb),Correlation,46,79,0.8666666666666666,0.7333333333333333,0.7142857142857143,0.7112820512820512
434,15,Config(wb),Correlation,46,79,0.8666666666666666,0.7333333333333333,0.7142857142857143,0.7112820512820512
435,15,Config(wb),Correlation,46,79,0.8666666666666666,0.7333333333333333,0.7142857142857143,0.7112820512820512
436,15,Config(wb),Correlation,46,79,0.8666666666666666,0.7333333333333333,0.7142857142857143,0.7112820512820512
437,15,Config(wb),Correlation,46,79,0.8666666666666666,0.7333333333333333,0.7142857142857143,0.7112820512820512
438,15,Config(wb),Correlation,46,79,0.8666666666666666,0.7333333333333333,0.7142857142857143,0.7112820512820512
439,15,Config(wb),Correlation,46,79,0.8666666666666666,0.7333333333333333,0.7142857142857143,0.7112820512820512
440,15,Config(wb),Correlation,46,79,0.8666666666666666,0.7333333333333333,0.7142857142857143,0.7112820512820512
441,15,Config(wb),Correlation,46,79,0.8666666666666666,0.7333333333333333,0.7142857142857143,0.7112820512820512
442,15,Config(wb),Correlation,46,79,0.8666666666666666,0.7333333333333333,0.7142857142857143,0.7112820512820512
443,15,Config(wb),Correlation,46,79,0.8666666666666666,0.7333333333333333,0.7142857142857143,0.7112820512820512
444,15,Config(wb),Correlation,46,79,0.8666666666666666,0.7333333333333333,0.7142857142857143,0.7112820512820512
445,15,Config(wb),Correlation,46,79,0.8666666666666666,0.7333333333333333,0.7142857142857143,0.7112820512820512
446,15,Config(wb),Correlation,46,79,0.8666666666666666,0.7333333333333333,0.7142857142857143,0.7112820512820512
447,15,Config(wb),Correlation,46,79,0.8666666666666666,0.7333333333333333,0.7142857142857143,0.7112820512820512
448,15,Config(wb),Correlation,46,79,0.8666666666666666,0.7333333333333333,0.7142857142857143,0.7112820512820512
449,15,Config(wb),Correlation,46,79,0.8666666666666666,0.7333333333333333,0.7142857142857143,0.7112820512820512
450,15,Config(wb),Correlation,46,79,0.8666666666666666,0.7333333333333333,0.7142857142857143,0.7112820512820512
451,15,Config(wb),Correlation,46,79,0.8666666666666666,0.7333333333333333,0.7142857142857143,0.7112820512820512
452,15,Config(wb),Correlation,46,79,0.8666666666666666,0.7333333333333333,0.7142857142857143,0.7112820512820512
453,15,Config(wb),Correlation,46,79,0.8666666666666666,0.7333333333333333,0.7142857142857143,0.7112820512820512
454,15,Config(wb),Correlation,46,79,0.8666666666666666,0.7333333333333333,0.7142857142857143,0.7112820512820512
455,15,Config(wb),Correlation,46,79,0.8666666666666666,0.7333333333333333,0.7142857142857143,0.7112820512820512
456,15,Config(wb),Correlation,46,79,0.8666666666666666,0.7333333333333333,0.7142857142857143,0.7112820512820512
457,15,Config(wb),Correlation,46,79,0.8666666666666666,0.7333333333333333,0.7142857142857143,0.7112820512820512
458,15,Config(wb),Correlation,46,79,0.8666666666666666,0.7333333333333333,0.7142857142857143,0.7112820512820512
459,15,Config(wb),Correlation,46,79,0.8666666666666666,0.7333333333333333,0.7142857142857143,0.7112820512820512
460,15,Config(wb),Correlation,46,79,0.8666666666666666,0.7333333333333333,0.7142857142857143,0.7112820512820512
461,15,Config(wb),Correlation,46,79,0.8666666666666666,0.7333333333333333,0.7142857142857143,0.7112820512820512
462,15,Config(wb),Correlation,46,79,0.8666666666666666,0.7333333333333333,0.7142857142857143,0.7112820512820512
463,15,Config(wb),Correlation,46,79,0.8666666666666666,0.7333333333333333,0.7142857142857143,0.7112820512820512
464,15,Config(wb),Correlation,46,79,0.8666666666666666,0.7333333333333333,0.7142857142857143,0.7112820512820512
465,15,Config(wb),Correlation,46,79,0.8666666666666666,0.7333333333333333,0.7142857142857143,0.7112820512820512
466,15,Config(wb),Correlation,46,79,0.8666666666666666,0.7333333333333333,0.7142857142857143,0.7112820512820512
467,15,Config(wb),Correlation,46,79,0.8666666666666666,0.7333333333333333,0.7142857142857143,0.7112820512820512
468,15,Config(wb),Correlation,46,79,0.8666666666666666,0.7333333333333333,0.7142857142857143,0.7112820512820512
469,15,Config(wb),Correlation,46,79,0.8666666666666666,0.7333333333333333,0.7142857142857143,0.7112820512820512
470,15,Config(wb),Correlation,46,79,0.8666666666666666,0.7333333333333333,0.7142857142857143,0.7112820512820512
471,15,Config(wb),Correlation,46,79,0.8666666666666666,0.7333333333333333,0.7142857142857143,0.7112820512820512
472,15,Config(wb),Correlation,46,79,0.8666666666666666,0.7333333333333333,0.7142857142857143,0.7112820512820512
473,15,Config(wb),Correlation,46,79,0.8666666666666666,0.7333333333333333,0.7142857142857143,0.7112820512820512
474,15,Config(wb),Correlation,46,79,0.8666666666666666,0.7333333333333333,0.7142857142857143,0.7112820512820512
475,15,Config(wb),Correlation,46,79,0.8666666666666666,0.7333333333333333,0.7142857142857143,0.7112820512820512
476,15,Config(wb),Correlation,46,79,0.8666666666666666,0.7333333333333333,0.7142857142857143,0.7112820512820512
477,15,Config(wb),Correlation,46,79,0.8666666666666666,0.7333333333333333,0.7142857142857143,0.7112820512820512
478,15,Config(wb),Correlation,46,79,0.8666666666666666,0.7333333333333333,0.7142857142857143,0.7112820512820512
479,15,Config(wb),Correlation,46,79,0.8666666666666666,0.7333333333333333,0.7142857142857143,0.7112820512820512
480,15,Config(wb),Correlation,46,79,0.8666666666666666,0.7333333333333333,0.7142857142857143,0.7112820512820512
481,15,Config(wb),Correlation,46,79,0.8666666666666666,0.7333333333333333,0.7142857142857143,0.7112820512820512
482,15,Config(wb),Correlation,46,79,0.8666666666666666,0.7333333333333333,0.7142857142857143,0.7112820512820512
483,15,Config(wb),Correlation,46,79,0.8666666666666666,0.7333333333333333,0.7142857142857143,0.7112820512820512
484,15,Config(wb),Correlation,46,79,0.8666666666666666,0.7333333333333333,0.7142857142857143,0.7112820512820512
485,15,Config(wb),Correlation,46,79,0.8666666666666666,0.7333333333333333,0.7142857142857143,0.7112820512820512
486,15,Config(wb),Correlation,46,79,0.8666666666666666,0.7333333333333333,0.7142857142857143,0.7112820512820512
487,15,Config(wb),Correlation,46,79,0.8666666666666666,0.7333333333333333,0.7142857142857143,0.7112820512820512
488,15,Config(wb),Correlation,46,79,0.8666666666666666,0.7333333333333333,0.7142857142857143,0.7112820512820512
489,15,Config(wb),Correlation,46,79,0.8666666666666666,0.7333333333333333,0.7142857142857143,0.7112820512820512
490,15,Config(wb),Correlation,46,79,0.8666666666666666,0.7333333333333333,0.7142857142857143,0.7112820512820512
491,15,Config(wb),Correlation,46,79,0.8666666666666666,0.7333333333333333,0.7142857142857143,0.7112820512820512
492,15,Config(wb),Correlation,46,79,0.8666666666666666,0.7333333333333333,0.7142857142857143,0.7112820512820512
493,15,Config(wb),Correlation,46,79,0.8666666666666666,0.7333333333333333,0.7142857142857143,0.7112820512820512
494,15,Config(wb),Correlation,46,79,0.8666666666666666,0.7333333333333333,0.7142857142857143,0.7112820512820512
495,15,Config(wb),Correlation,46,79,0.8666666666666666,0.7333333333333333,0.7142857142857143,0.7112820512820512
496,15,Config(wb),Correlation,46,79,0.8666666666666666,0.7333333333333333,0.7142857142857143,0.7112820512820512
497,15,Config(wb),Correlation,46,79,0.8666666666666666,0.7333333333333333,0.7142857142857143,0.7112820512820512
498,15,Config(wb),Correlation,46,79,0.8666666666666666,0.7333333333333333,0.7142857142857143,0.7112820512820512
499,15,Config(wb),Correlation,46,79,0.8666666666666666,0.7333333333333333,0.7142857142857143,0.7112820512820512
500,15,Config(wb),Correlation,46,79,0.8666666666666666,0.7333333333333333,0.7142857142857143,0.7112820512820512
501,15,Config(wb),Correlation,46,79,0.8666666666666666,0.7333333333333333,0.7142857142857143,0.7112820512820512
502,25,Config(wb),Correlation,76,144,0.85,0.7314285714285714,0.6857142857142857,0.7025641025641025
503,25,Config(wb),Correlation,76,145,0.85,0.7314285714285714,0.6857142857142857,0.7025641025641025
504,25,Config(wb),Correlation,76,145,0.85,0.7314285714285714,0.6857142857142857,0.7025641025641025
505,25,Config(wb),Correlation,76,145,0.85,0.7314285714285714,0.6857142857142857,0.7025641025641025
506,25,Config(wb),Correlation,76,145,0.85,0.7314285714285714,0.6857142857142857,0.7025641025641025
507,25,Config(wb),Correlation,76,145,0.85,0.7314285714285714,0.6857142857142857,0.7025641025641025
508,25,Config(wb),Correlation,76,144,0.85,0.7314285714285714,0.6857142857142857,0.7025641025641025
509,25,Config(wb),Correlation,76,144,0.85,0.7314285714285714,0.6857142857142857,0.7025641025641025
510,25,Config(wb),Correlation,76,144,0.85,0.7314285714285714,0.6857142857142857,0.7025641025641025
511,25,Config(wb),Correlation,76,144,0.85,0.7314285714285714,0.6857142857142857,0.7025641025641025
512,25,Config(wb),Correlation,76,145,0.85,0.7314285714285714,0.6857142857142857,0.7025641025641025
513,25,Config(wb),Correlation,76,144,0.85,0.7314285714285714,0.6857142857142857,0.7025641025641025
514,25,Config(wb),Correlation,76,145,0.85,0.7314285714285714,0.6857142857142857,0.7025641025641025
515,25,Config(wb),Correlation,76,145,0.85,0.7314285714285714,0.6857142857142857,0.7025641025641025
516,25,Config(wb),Correlation,76,145,0.85,0.7314285714285714,0.6857142857142857,0.7025641025641025
517,25,Config(wb),Correlation,76,144,0.85,0.7314285714285714,0.6857142857142857,0.7025641025641025
518,25,Config(wb),Correlation,76,144,0.85,0.7314285714285714,0.6857142857142857,0.7025641025641025
519,25,Config(wb),Correlation,76,145,0.85,0.7314285714285714,0.6857142857142857,0.7025641025641025
520,25,Config(wb),Correlation,76,144,0.85,0.7314285714285714,0.6857142857142857,0.7025641025641025
521,25,Config(wb),Correlation,76,145,0.85,0.7314285714285714,0.6857142857142857,0.7025641025641025
522,25,Config(wb),Correlation,76,144,0.85,0.7314285714285714,0.6857142857142857,0.7025641025641025
523,25,Config(wb),Correlation,76,145,0.85,0.7314285714285714,0.6857142857142857,0.7025641025641025
524,25,Config(wb),Correlation,76,145,0.85,0.7314285714285714,0.6857142857142857,0.7025641025641025
525,25,Config(wb),Correlation,76,145,0.85,0.7314285714285714,0.6857142857142857,0.7025641025641025
526,25,Config(wb),Correlation,76,144,0.85,0.7314285714285714,0.6857142857142857,0.7025641025641025
527,25,Config(wb),Correlation,76,145,0.85,0.7314285714285714,0.6857142857142857,0.7025641025641025
528,25,Config(wb),Correlation,76,145,0.85,0.7314285714285714,0.6857142857142857,0.7025641025641025
529,25,Config(wb),Correlation,76,145,0.85,0.7314285714285714,0.6857142857142857,0.7025641025641025
530,25,Config(wb),Correlation,76,144,0.85,0.7314285714285714,0.6857142857142857,0.7025641025641025
531,25,Config(wb),Correlation,76,144,0.85,0.7314285714285714,0.6857142857142857,0.7025641025641025
532,25,Config(wb),Correlation,76,144,0.85,0.7314285714285714,0.6857142857142857,0.7025641025641025
533,25,Config(wb),Correlation,76,144,0.85,0.7314285714285714,0.6857142857142857,0.7025641025641025
534,25,Config(wb),Correlation,76,144,0.85,0.7314285714285714,0.6857142857142857,0.7025641025641025
535,25,Config(wb),Correlation,76,145,0.85,0.7314285714285714,0.6857142857142857,0.7025641025641025
536,25,Config(wb),Correlation,76,144,0.85,0.7314285714285714,0.6857142857142857,0.7025641025641025
537,25,Config(wb),Correlation,76,144,0.85,0.7314285714285714,0.6857142857142857,0.7025641025641025
538,25,Config(wb),Correlation,76,144,0.85,0.7314285714285714,0.6857142857142857,0.7025641025641025
539,25,Config(wb),Correlation,76,144,0.85,0.7314285714285714,0.6857142857142857,0.7025641025641025
540,25,Config(wb),Correlation,76,144,0.85,0.7314285714285714,0.6857142857142857,0.7025641025641025
541,25,Config(wb),Correlation,76,144,0.85,0.7314285714285714,0.6857142857142857,0.7025641025641025
542,25,Config(wb),Correlation,76,145,0.85,0.7314285714285714,0.6857142857142857,0.7025641025641025
543,25,Config(wb),Correlation,76,144,0.85,0.7314285714285714,0.6857142857142857,0.7025641025641025
544,25,Config(wb),Correlation,76,144,0.85,0.7314285714285714,0.6857142857142857,0.7025641025641025
545,25,Config(wb),Correlation,76,145,0.85,0.7314285714285714,0.6857142857142857,0.7025641025641025
546,25,Config(wb),Correlation,76,144,0.85,0.7314285714285714,0.6857142857142857,0.7025641025641025
547,25,Config(wb),Correlation,76,144,0.85,0.7314285714285714,0.6857142857142857,0.7025641025641025
548,25,Config(wb),Correlation,76,145,0.85,0.7314285714285714,0.6857142857142857,0.7025641025641025
549,25,Config(wb),Correlation,76,144,0.85,0.7314285714285714,0.6857142857142857,0.7025641025641025
550,25,Config(wb),Correlation,76,145,0.85,0.7314285714285714,0.6857142857142857,0.7025641025641025
551,25,Config(wb),Correlation,76,144,0.85,0.7314285714285714,0.6857142857142857,0.7025641025641025
552,25,Config(wb),Correlation,76,144,0.85,0.7314285714285714,0.6857142857142857,0.7025641025641025
553,25,Config(wb),Correlation,76,144,0.85,0.7314285714285714,0.6857142857142857,0.7025641025641025
554,25,Config(wb),Correlation,76,145,0.85,0.7314285714285714,0.6857142857142857,0.7025641025641025
555,25,Config(wb),Correlation,76,145,0.85,0.7314285714285714,0.6857142857142857,0.7025641025641025
556,25,Config(wb),Correlation,76,144,0.85,0.7314285714285714,0.6857142857142857,0.7025641025641025
557,25,Config(wb),Correlation,76,144,0.85,0.7314285714285714,0.6857142857142857,0.7025641025641025
558,25,Config(wb),Correlation,76,144,0.85,0.7314285714285714,0.6857142857142857,0.7025641025641025
559,25,Config(wb),Correlation,76,144,0.85,0.7314285714285714,0.6857142857142857,0.7025641025641025
560,25,Config(wb),Correlation,76,144,0.85,0.7314285714285714,0.6857142857142857,0.7025641025641025
561,25,Config(wb),Correlation,76,144,0.85,0.7314285714285714,0.6857142857142857,0.7025641025641025
562,25,Config(wb),Correlation,76,145,0.85,0.7314285714285714,0.6857142857142857,0.7025641025641025
563,25,Config(wb),Correlation,76,145,0.85,0.7314285714285714,0.6857142857142857,0.7025641025641025
564,25,Config(wb),Correlation,76,145,0.85,0.7314285714285714,0.6857142857142857,0.7025641025641025
565,25,Config(wb),Correlation,76,145,0.85,0.7314285714285714,0.6857142857142857,0.7025641025641025
566,25,Config(wb),Correlation,76,144,0.85,0.7314285714285714,0.6857142857142857,0.7025641025641025
567,25,Config(wb),Correlation,76,144,0.85,0.7314285714285714,0.6857142857142857,0.7025641025641025
568,25,Config(wb),Correlation,76,145,0.85,0.7314285714285714,0.6857142857142857,0.7025641025641025
569,25,Config(wb),Correlation,76,144,0.85,0.7314285714285714,0.6857142857142857,0.7025641025641025
570,25,Config(wb),Correlation,76,145,0.85,0.7314285714285714,0.6857142857142857,0.7025641025641025
571,25,Config(wb),Correlation,76,145,0.85,0.7314285714285714,0.6857142857142857,0.7025641025641025
572,25,Config(wb),Correlation,76,144,0.85,0.7314285714285714,0.6857142857142857,0.7025641025641025
573,25,Config(wb),Correlation,76,144,0.85,0.7314285714285714,0.6857142857142857,0.7025641025641025
574,25,Config(wb),Correlation,76,145,0.85,0.7314285714285714,0.6857142857142857,0.7025641025641025
575,25,Config(wb),Correlation,76,144,0.85,0.7314285714285714,0.6857142857142857,0.7025641025641025
576,25,Config(wb),Correlation,76,144,0.85,0.7314285714285714,0.6857142857142857,0.7025641025641025
577,25,Config(wb),Correlation,76,145,0.85,0.7314285714285714,0.6857142857142857,0.7025641025641025
578,25,Config(wb),Correlation,76,144,0.85,0.7314285714285714,0.6857142857142857,0.7025641025641025
579,25,Config(wb),Correlation,76,145,0.85,0.7314285714285714,0.6857142857142857,0.7025641025641025
580,25,Config(wb),Correlation,76,145,0.85,0.7314285714285714,0.6857142857142857,0.7025641025641025
581,25,Config(wb),Correlation,76,145,0.85,0.7314285714285714,0.6857142857142857,0.7025641025641025
582,25,Config(wb),Correlation,76,145,0.85,0.7314285714285714,0.6857142857142857,0.7025641025641025
583,25,Config(wb),Correlation,76,145,0.85,0.7314285714285714,0.6857142857142857,0.7025641025641025
584,25,Config(wb),Correlation,76,145,0.85,0.7314285714285714,0.6857142857142857,0.7025641025641025
585,25,Config(wb),Correlation,76,144,0.85,0.7314285714285714,0.6857142857142857,0.7025641025641025
586,25,Config(wb),Correlation,76,144,0.85,0.7314285714285714,0.6857142857142857,0.7025641025641025
587,25,Config(wb),Correlation,76,144,0.85,0.7314285714285714,0.6857142857142857,0.7025641025641025
588,25,Config(wb),Correlation,76,145,0.85,0.7314285714285714,0.6857142857142857,0.7025641025641025
589,25,Config(wb),Correlation,76,144,0.85,0.7314285714285714,0.6857142857142857,0.7025641025641025
590,25,Config(wb),Correlation,76,144,0.85,0.7314285714285714,0.6857142857142857,0.7025641025641025
591,25,Config(wb),Correlation,76,144,0.85,0.7314285714285714,0.6857142857142857,0.7025641025641025
592,25,Config(wb),Correlation,76,145,0.85,0.7314285714285714,0.6857142857142857,0.7025641025641025
593,25,Config(wb),Correlation,76,145,0.85,0.7314285714285714,0.6857142857142857,0.7025641025641025
594,25,Config(wb),Correlation,76,145,0.85,0.7314285714285714,0.6857142857142857,0.7025641025641025
595,25,Config(wb),Correlation,76,145,0.85,0.7314285714285714,0.6857142857142857,0.7025641025641025
596,25,Config(wb),Correlation,76,144,0.85,0.7314285714285714,0.6857142857142857,0.7025641025641025
597,25,Config(wb),Correlation,76,145,0.85,0.7314285714285714,0.6857142857142857,0.7025641025641025
598,25,Config(wb),Correlation,76,144,0.85,0.7314285714285714,0.6857142857142857,0.7025641025641025
599,25,Config(wb),Correlation,76,144,0.85,0.7314285714285714,0.6857142857142857,0.7025641025641025
600,25,Config(wb),Correlation,76,145,0.85,0.7314285714285714,0.6857142857142857,0.7025641025641025
601,25,Config(wb),Correlation,76,144,0.85,0.7314285714285714,0.6857142857142857,0.7025641025641025
602,5,Config(wb),Random,16,27,0.6666666666666666,0.7433333333333333,0.4809523809523809,0.5543434343434342
603,5,Config(wb),Random,16,30,0.7000000000000001,0.7433333333333334,0.5190476190476191,0.6012121212121212
604,5,Config(wb),Random,16,25,0.7833333333333333,0.9266666666666664,0.6095238095238095,0.7242424242424242
605,5,Config(wb),Random,16,29,0.6833333333333333,0.71,0.5047619047619047,0.5854545454545454
606,5,Config(wb),Random,16,17,0.6666666666666667,0.6119047619047618,0.7714285714285715,0.6261904761904762
607,5,Config(wb),Random,16,26,0.75,0.6866666666666668,0.5047619047619047,0.578088578088578
608,5,Config(wb),Random,16,24,0.7833333333333334,0.6511111111111111,0.9,0.7528011204481794
609,5,Config(wb),Random,16,35,0.5666666666666667,0.7,0.238095238095238,0.3466666666666667
610,5,Config(wb),Random,16,21,0.7166666666666666,0.7433333333333334,0.6285714285714286,0.6546153846153846
611,5,Config(wb),Random,16,25,0.6833333333333333,0.71,0.5476190476190476,0.5938461538461538
612,5,Config(wb),Random,16,28,0.6333333333333333,0.8,0.2952380952380952,0.4154545454545454
613,5,Config(wb),Random,16,25,0.8166666666666668,0.8428571428571429,0.6904761904761905,0.7541391941391942
614,5,Config(wb),Random,16,27,0.8,0.7880952380952382,0.7285714285714286,0.7384615384615383
615,5,Config(wb),Random,16,24,0.7166666666666666,0.7495238095238096,0.7095238095238096,0.6753113553113553
616,5,Config(wb),Random,16,21,0.6333333333333334,0.6583333333333333,0.3904761904761904,0.4622222222222222
617,5,Config(wb),Random,16,18,0.75,0.6833333333333333,0.5714285714285714,0.5868831168831169
618,5,Config(wb),Random,16,19,0.6499999999999999,0.6528571428571428,0.5142857142857142,0.5561904761904761
619,5,Config(wb),Random,16,26,0.7999999999999999,0.6476190476190476,0.7142857142857143,0.6774725274725275
620,5,Config(wb),Random,16,30,0.7666666666666667,0.8166666666666667,0.6,0.6787878787878787
621,5,Config(wb),Random,16,26,0.6666666666666667,0.7,0.4428571428571429,0.5302564102564102
622,5,Config(wb),Random,16,18,0.8,0.8028571428571428,0.6952380952380952,0.7384615384615384
623,5,Config(wb),Random,16,25,0.7,0.71,0.7047619047619047,0.6603729603729602
624,5,Config(wb),Random,16,30,0.7166666666666667,0.8428571428571429,0.6142857142857142,0.6438672438672439
625,5,Config(wb),Random,16,28,0.6499999999999999,0.6695238095238094,0.4857142857142857,0.533968253968254
626,5,Config(wb),Random,16,27,0.6666666666666667,0.75,0.6238095238095238,0.5796037296037296
627,5,Config(wb),Random,16,28,0.7666666666666667,0.7047619047619047,0.5952380952380952,0.6373959373959375
628,5,Config(wb),Random,16,25,0.6333333333333334,0.7161904761904763,0.5238095238095238,0.542954822954823
629,5,Config(wb),Random,16,30,0.6833333333333333,0.6900000000000001,0.6238095238095238,0.6004634581105168
630,5,Config(wb),Random,16,23,0.7833333333333334,0.8166666666666667,0.7380952380952381,0.7562703962703963
631,5,Config(wb),Random,16,26,0.6166666666666666,0.6228571428571429,0.4095238095238095,0.4501998001998002
632,5,Config(wb),Random,16,22,0.8833333333333334,0.8833333333333332,0.8857142857142858,0.8647619047619047
633,5,Config(wb),Random,16,23,0.7,0.7849999999999999,0.5476190476190476,0.5765656565656566
634,5,Config(wb),Random,16,24,0.8166666666666667,0.7,1.0,0.8183333333333334
635,5,Config(wb),Random,16,31,0.7166666666666667,0.7366666666666666,0.5857142857142856,0.6345454545454545
636,5,Config(wb),Random,16,23,0.7499999999999999,0.675952380952381,0.7285714285714286,0.6941391941391941
637,5,Config(wb),Random,16,20,0.6833333333333333,0.5961904761904762,0.5095238095238095,0.5435897435897435
638,5,Config(wb),Random,16,17,0.65,0.6476190476190475,0.6333333333333333,0.609007659007659
639,5,Config(wb),Random,16,19,0.8333333333333334,0.7895238095238095,0.880952380952381,0.8084249084249084
640,5,Config(wb),Random,16,19,0.7666666666666666,0.8014285714285714,0.7714285714285714,0.7243556443556443
641,5,Config(wb),Random,16,25,0.7666666666666667,0.8247619047619047,0.7,0.7271861471861472
642,5,Config(wb),Random,16,27,0.8666666666666668,0.85,0.7857142857142858,0.8047619047619048
643,5,Config(wb),Random,16,23,0.7,0.7183333333333334,0.680952380952381,0.6561904761904762
644,5,Config(wb),Random,16,18,0.75,0.7642857142857143,0.6666666666666666,0.6828504828504828
645,5,Config(wb),Random,16,18,0.6666666666666666,0.6628571428571428,0.4761904761904761,0.5416450216450216
646,5,Config(wb),Random,16,32,0.7833333333333333,0.8666666666666666,0.7333333333333333,0.7312820512820513
647,5,Config(wb),Random,16,25,0.65,0.7333333333333334,0.519047619047619,0.5656743256743256
648,5,Config(wb),Random,16,27,0.7499999999999999,0.76,0.7285714285714286,0.7271794871794872
649,5,Config(wb),Random,16,23,0.7166666666666667,0.8095238095238095,0.5476190476190477,0.5995238095238096
650,5,Config(wb),Random,16,31,0.6833333333333333,0.7433333333333334,0.6142857142857142,0.6297435897435897
651,5,Config(wb),Random,16,28,0.8,0.8095238095238095,0.7952380952380953,0.761025641025641
652,5,Config(wb),Random,16,29,0.7,0.7452380952380953,0.7095238095238094,0.656075036075036
653,5,Config(wb),Random,16,23,0.7666666666666667,0.7933333333333333,0.6142857142857143,0.6799999999999999
654,5,Config(wb),Random,16,22,0.6666666666666667,0.7214285714285714,0.5428571428571429,0.5724386724386724
655,5,Config(wb),Random,16,24,0.7166666666666666,0.9,0.5523809523809524,0.6187878787878788
656,5,Config(wb),Random,16,27,0.7500000000000001,0.7714285714285715,0.6619047619047619,0.6978354978354979
657,5,Config(wb),Random,16,29,0.7,0.7033333333333334,0.6333333333333333,0.6366666666666666
658,5,Config(wb),Random,16,15,0.7499999999999999,0.7380952380952381,0.6,0.643076923076923
659,5,Config(wb),Random,16,28,0.7166666666666667,0.8033333333333335,0.5714285714285714,0.6592074592074592
660,5,Config(wb),Random,16,25,0.7333333333333333,0.76,0.4476190476190475,0.5587878787878788
661,5,Config(wb),Random,16,16,0.7166666666666667,0.7647619047619048,0.5428571428571429,0.618095238095238
662,5,Config(wb),Random,16,27,0.7333333333333333,0.8699999999999999,0.6142857142857142,0.709090909090909
663,5,Config(wb),Random,16,29,0.8,0.7714285714285716,0.7238095238095239,0.7457875457875458
664,5,Config(wb),Random,16,27,0.5833333333333334,0.5666666666666667,0.4142857142857142,0.4661538461538461
665,5,Config(wb),Random,16,22,0.7166666666666667,0.7380952380952381,0.4809523809523809,0.546984126984127
666,5,Config(wb),Random,16,27,0.8166666666666668,0.7916666666666667,0.7571428571428571,0.7573959373959374
667,5,Config(wb),Random,16,19,0.75,0.7,0.4619047619047619,0.5366666666666667
668,5,Config(wb),Random,16,17,0.7833333333333334,0.7222222222222221,0.7857142857142858,0.7355128205128205
669,5,Config(wb),Random,16,15,0.7166666666666667,0.6928571428571428,0.4809523809523809,0.5364413364413364
670,5,Config(wb),Random,16,24,0.7166666666666668,0.7866666666666666,0.5428571428571429,0.6113131313131313
671,5,Config(wb),Random,16,28,0.5333333333333334,0.5333333333333333,0.3,0.3735819735819736
672,5,Config(wb),Random,16,29,0.6666666666666666,0.7200000000000001,0.619047619047619,0.6130735930735931
673,5,Config(wb),Random,16,33,0.7499999999999999,0.7928571428571429,0.6428571428571428,0.674978354978355
674,5,Config(wb),Random,16,25,0.8333333333333333,0.8166666666666667,0.8476190476190476,0.8225641025641025
675,5,Config(wb),Random,16,27,0.7833333333333333,0.7011904761904761,0.7761904761904762,0.7295238095238095
676,5,Config(wb),Random,16,27,0.8166666666666668,0.8055555555555556,0.8142857142857143,0.7737878787878788
677,5,Config(wb),Random,16,24,0.6666666666666667,0.7499999999999999,0.4571428571428571,0.5355555555555556
678,5,Config(wb),Random,16,22,0.7666666666666667,0.8047619047619048,0.7,0.7134032634032634
679,5,Config(wb),Random,16,28,0.65,0.65,0.3857142857142857,0.4762703962703963
680,5,Config(wb),Random,16,23,0.7166666666666667,0.6488888888888888,0.6285714285714284,0.6137878787878788
681,5,Config(wb),Random,16,27,0.7166666666666666,0.7733333333333334,0.6666666666666667,0.6553113553113553
682,5,Config(wb),Random,16,29,0.7833333333333334,0.6744444444444444,0.9714285714285712,0.7842857142857144
683,5,Config(wb),Random,16,28,0.7833333333333334,0.6876984126984127,0.9714285714285712,0.781984126984127
684,5,Config(wb),Random,16,20,0.7499999999999999,0.7814285714285714,0.6428571428571429,0.6755244755244755
685,5,Config(wb),Random,16,13,0.75,0.7833333333333334,0.6380952380952382,0.678088578088578
686,5,Config(wb),Random,16,23,0.6833333333333333,0.7333333333333333,0.6142857142857142,0.6351515151515151
687,5,Config(wb),Random,16,22,0.8,0.775,0.719047619047619,0.7343589743589745
688,5,Config(wb),Random,16,29,0.8666666666666668,0.7833333333333333,0.8714285714285713,0.82
689,5,Config(wb),Random,16,21,0.8333333333333334,0.7809523809523811,0.7809523809523811,0.7809523809523811
690,5,Config(wb),Random,16,26,0.7666666666666666,0.8016666666666665,0.7619047619047619,0.7187878787878788
691,5,Config(wb),Random,16,25,0.7666666666666667,0.7380952380952381,0.5,0.5786080586080586
692,5,Config(wb),Random,16,19,0.6833333333333333,0.7233333333333333,0.6476190476190476,0.6197402597402597
693,5,Config(wb),Random,16,19,0.8166666666666668,0.7880952380952382,0.8523809523809524,0.8119413919413919
694,5,Config(wb),Random,16,16,0.7166666666666667,0.7785714285714286,0.7142857142857142,0.6735042735042734
695,5,Config(wb),Random,16,20,0.7333333333333333,0.7966666666666666,0.7142857142857142,0.6795604395604395
696,5,Config(wb),Random,16,22,0.7166666666666667,0.7142857142857142,0.6619047619047619,0.6623376623376623
697,5,Config(wb),Random,16,26,0.6666666666666666,0.6472727272727272,0.5,0.5301010101010101
698,5,Config(wb),Random,16,25,0.8333333333333333,0.8047619047619048,0.7571428571428571,0.7639160839160839
699,5,Config(wb),Random,16,23,0.7666666666666667,0.71,0.5619047619047619,0.6175757575757574
700,5,Config(wb),Random,16,28,0.7,0.8666666666666666,0.4523809523809524,0.5627350427350427
701,15,Config(wb),Random,46,102,0.7833333333333333,0.8266666666666665,0.6333333333333334,0.6933333333333332
702,15,Config(wb),Random,46,92,0.8,0.71,0.5952380952380952,0.6418181818181818
703,15,Config(wb),Random,46,95,0.7333333333333334,0.85,0.5142857142857143,0.621010101010101
704,15,Config(wb),Random,46,107,0.7666666666666666,0.7766666666666666,0.6714285714285714,0.6893772893772894
705,15,Config(wb),Random,46,97,0.8,0.7849999999999999,0.7190476190476189,0.7375757575757576
706,15,Config(wb),Random,46,88,0.8166666666666668,0.7714285714285715,0.5714285714285714,0.6421911421911422
707,15,Config(wb),Random,46,97,0.7833333333333334,0.8,0.7,0.7168831168831169
708,15,Config(wb),Random,46,104,0.7166666666666667,0.7333333333333333,0.4095238095238095,0.521010101010101
709,15,Config(wb),Random,46,104,0.75,0.7766666666666666,0.6,0.6738461538461539
710,15,Config(wb),Random,46,92,0.85,0.6964285714285714,0.7428571428571429,0.7141391941391941
711,15,Config(wb),Random,46,101,0.7666666666666667,0.7933333333333333,0.6333333333333334,0.6914219114219113
712,15,Config(wb),Random,46,96,0.6833333333333333,0.6916666666666667,0.580952380952381,0.6054545454545455
713,15,Config(wb),Random,46,109,0.7666666666666667,0.7228571428571429,0.8571428571428571,0.7552380952380953
714,15,Config(wb),Random,46,97,0.7499999999999999,1.0,0.4809523809523809,0.6442424242424243
715,15,Config(wb),Random,46,86,0.7499999999999999,0.75,0.6571428571428571,0.6797069597069597
716,15,Config(wb),Random,46,93,0.75,0.7095238095238096,0.5952380952380952,0.6276923076923077
717,15,Config(wb),Random,46,97,0.8166666666666667,0.7,1.0,0.8183333333333334
718,15,Config(wb),Random,46,95,0.8333333333333333,0.838095238095238,0.7285714285714286,0.7613519813519813
719,15,Config(wb),Random,46,99,0.8333333333333334,0.835,0.819047619047619,0.7987878787878788
720,15,Config(wb),Random,46,100,0.7833333333333334,0.8214285714285715,0.638095238095238,0.7077922077922078
721,15,Config(wb),Random,46,100,0.85,0.8666666666666668,0.7238095238095238,0.7811188811188811
722,15,Config(wb),Random,46,93,0.8,0.7309523809523809,0.7809523809523811,0.7498901098901098
723,15,Config(wb),Random,46,103,0.8666666666666666,0.9555555555555556,0.7476190476190476,0.8196153846153846
724,15,Config(wb),Random,46,91,0.8333333333333333,0.7428571428571429,0.6857142857142857,0.7014985014985016
725,15,Config(wb),Random,46,99,0.7333333333333334,0.7880952380952381,0.580952380952381,0.6312265512265512
726,15,Config(wb),Random,46,99,0.8,0.9666666666666668,0.6761904761904761,0.7793006993006995
727,15,Config(wb),Random,46,99,0.75,0.75,0.6714285714285715,0.6791208791208792
728,15,Config(wb),Random,46,98,0.7833333333333333,0.6892857142857143,0.8142857142857143,0.740952380952381
729,15,Config(wb),Random,46,96,0.8166666666666667,0.7,1.0,0.8183333333333334
730,15,Config(wb),Random,46,102,0.8,0.8214285714285715,0.7666666666666667,0.7738528138528139
731,15,Config(wb),Random,46,98,0.7666666666666666,0.6416666666666666,0.6476190476190476,0.6366666666666666
732,15,Config(wb),Random,46,91,0.7,0.699047619047619,0.7714285714285715,0.68
733,15,Config(wb),Random,46,95,0.65,0.680952380952381,0.7095238095238094,0.6308669108669108
734,15,Config(wb),Random,46,106,0.7833333333333333,0.7016666666666667,0.5952380952380952,0.6321212121212122
735,15,Config(wb),Random,46,101,0.6666666666666667,0.6833333333333333,0.5714285714285714,0.6030769230769231
736,15,Config(wb),Random,46,96,0.8666666666666668,0.85,0.8857142857142858,0.8406593406593407
737,15,Config(wb),Random,46,101,0.85,0.9064285714285716,0.819047619047619,0.8490043290043289
738,15,Config(wb),Random,46,97,0.7333333333333333,0.7547619047619047,0.6,0.6452747252747253
739,15,Config(wb),Random,46,96,0.7833333333333334,0.8166666666666667,0.6380952380952382,0.7042424242424243
740,15,Config(wb),Random,46,96,0.8666666666666666,0.9047619047619048,0.8571428571428571,0.8769230769230768
741,15,Config(wb),Random,46,98,0.7666666666666667,0.7833333333333333,0.6285714285714287,0.6943589743589744
742,15,Config(wb),Random,46,95,0.7,0.7321428571428571,0.7095238095238096,0.6422222222222222
743,15,Config(wb),Random,46,98,0.7666666666666667,0.7142857142857143,0.7238095238095239,0.7129670329670329
744,15,Config(wb),Random,46,98,0.7666666666666666,0.7678571428571429,0.7571428571428571,0.7283116883116884
745,15,Config(wb),Random,46,95,0.8166666666666667,0.8666666666666666,0.6666666666666666,0.7373426573426574
746,15,Config(wb),Random,46,102,0.7499999999999999,0.740952380952381,0.8,0.7274725274725274
747,15,Config(wb),Random,46,99,0.5666666666666667,0.6601731601731602,0.680952380952381,0.5742368742368742
748,15,Config(wb),Random,46,95,0.8333333333333334,0.8047619047619048,0.7571428571428572,0.7719413919413919
749,15,Config(wb),Random,46,95,0.6833333333333333,0.76,0.4857142857142856,0.5824242424242424
750,15,Config(wb),Random,46,85,0.75,0.6964285714285714,0.680952380952381,0.6714285714285714
751,15,Config(wb),Random,46,100,0.7166666666666667,0.8099999999999999,0.5428571428571429,0.6155555555555555
752,15,Config(wb),Random,46,90,0.6833333333333333,0.7866666666666667,0.4857142857142856,0.5718259518259518
753,15,Config(wb),Random,46,105,0.7333333333333333,0.7666666666666667,0.638095238095238,0.6587878787878788
754,15,Config(wb),Random,46,97,0.7666666666666666,0.8142857142857143,0.6428571428571428,0.6929270729270729
755,15,Config(wb),Random,46,96,0.7,0.7117460317460317,0.7095238095238094,0.6431318681318682
756,15,Config(wb),Random,46,104,0.7166666666666666,0.7328571428571429,0.6285714285714286,0.64
757,15,Config(wb),Random,46,88,0.9166666666666669,0.95,0.9142857142857144,0.9227106227106228
758,15,Config(wb),Random,46,101,0.7666666666666666,0.65,0.7142857142857143,0.6698901098901099
759,25,Config(wb),Random,76,163,0.7166666666666666,0.7257142857142858,0.7380952380952381,0.6897768897768899
760,25,Config(wb),Random,76,161,0.85,0.9130952380952382,0.7571428571428571,0.8039160839160839
761,25,Config(wb),Random,76,160,0.8,0.7999999999999999,0.6523809523809524,0.698958818958819
762,25,Config(wb),Random,76,152,0.7166666666666667,0.7866666666666667,0.6523809523809524,0.6555555555555557
763,25,Config(wb),Random,76,157,0.8333333333333333,0.9266666666666667,0.7714285714285714,0.8326340326340326
764,25,Config(wb),Random,76,161,0.8333333333333333,0.86,0.7904761904761906,0.8047552447552446
765,25,Config(wb),Random,76,154,0.8333333333333334,0.7523809523809525,0.8095238095238095,0.7767032967032967
766,25,Config(wb),Random,76,151,0.8833333333333334,0.8428571428571429,0.9095238095238096,0.8564102564102564
767,25,Config(wb),Random,76,160,0.9,0.95,0.8857142857142858,0.9047619047619048
768,25,Config(wb),Random,76,157,0.7666666666666667,0.6142857142857143,0.6523809523809524,0.6291208791208791
769,25,Config(wb),Random,76,164,0.8166666666666668,0.7714285714285715,0.5714285714285714,0.6421911421911422
770,25,Config(wb),Random,76,161,0.8333333333333334,0.8380952380952381,0.7285714285714286,0.7717948717948717
771,25,Config(wb),Random,76,154,0.7666666666666667,0.7380952380952381,0.7285714285714285,0.7088245088245089
772,25,Config(wb),Random,76,159,0.7666666666666666,0.8095238095238095,0.638095238095238,0.6839160839160839
773,25,Config(wb),Random,76,163,0.7166666666666667,0.7714285714285714,0.6047619047619046,0.6394805194805195
774,25,Config(wb),Random,76,163,0.7166666666666667,0.7547619047619047,0.7428571428571429,0.6779487179487178
775,25,Config(wb),Random,76,166,0.85,0.85,0.8571428571428571,0.8227106227106227
776,25,Config(wb),Random,76,157,0.8,0.8333333333333333,0.661904761904762,0.7239160839160839
777,25,Config(wb),Random,76,161,0.8333333333333334,0.7714285714285714,0.8142857142857143,0.7780952380952382
778,25,Config(wb),Random,76,160,0.8333333333333334,0.9028571428571428,0.7952380952380953,0.8384615384615385
779,25,Config(wb),Random,76,155,0.7666666666666667,0.8514285714285714,0.6428571428571429,0.7179487179487178
780,25,Config(wb),Random,76,161,0.6833333333333333,0.7192857142857143,0.7095238095238094,0.6637229437229438
781,25,Config(wb),Random,76,156,0.8833333333333334,0.8416666666666668,0.8142857142857143,0.8251282051282052
782,25,Config(wb),Random,76,156,0.8,0.86,0.6380952380952382,0.7272727272727272
783,25,Config(wb),Random,76,151,0.8333333333333334,0.9214285714285716,0.7285714285714286,0.7883116883116884
784,25,Config(wb),Random,76,159,0.7833333333333333,0.85,0.6333333333333333,0.7021911421911422
785,25,Config(wb),Random,76,165,0.6666666666666667,0.7341269841269841,0.6428571428571428,0.5997619047619048
786,25,Config(wb),Random,76,160,0.85,0.7964285714285715,0.8142857142857143,0.7979487179487178
787,25,Config(wb),Random,76,159,0.7833333333333333,0.7445238095238095,0.7238095238095239,0.7205128205128205
788,25,Config(wb),Random,76,164,0.8333333333333334,0.8833333333333332,0.7999999999999999,0.796883116883117
789,25,Config(wb),Random,76,152,0.7166666666666667,0.8099999999999999,0.619047619047619,0.6224941724941725
790,25,Config(wb),Random,76,156,0.6499999999999999,0.7523809523809524,0.6238095238095238,0.5667032967032968
791,25,Config(wb),Random,76,164,0.7166666666666667,0.7528571428571429,0.680952380952381,0.675058275058275
792,25,Config(wb),Random,76,169,0.8,0.7523809523809524,0.7571428571428572,0.7455677655677656
793,25,Config(wb),Random,76,165,0.8166666666666668,0.7714285714285715,0.5714285714285714,0.6421911421911422
794,25,Config(wb),Random,76,162,0.85,0.85,0.7571428571428571,0.7861138861138861
795,25,Config(wb),Random,76,156,0.75,0.7849999999999999,0.7380952380952381,0.7272727272727273
796,25,Config(wb),Random,76,160,0.8666666666666666,0.8555555555555555,0.938095238095238,0.8891391941391943
797,25,Config(wb),Random,76,155,0.7833333333333334,0.7988095238095239,0.8238095238095238,0.7543434343434343
798,25,Config(wb),Random,76,165,0.8333333333333334,0.8603174603174603,0.8142857142857143,0.8064285714285715
799,25,Config(wb),Random,76,164,0.8333333333333333,0.838095238095238,0.7285714285714285,0.7512820512820513
800,25,Config(wb),Random,76,157,0.7666666666666667,0.7880952380952382,0.6714285714285715,0.6855921855921856
801,25,Config(wb),Random,76,166,0.7166666666666667,0.8114285714285714,0.5714285714285714,0.6273593073593073
802,25,Config(wb),Random,76,162,0.7666666666666667,0.7380952380952381,0.7,0.7057942057942058
803,25,Config(wb),Random,76,158,0.8,0.8333333333333333,0.6666666666666667,0.7277855477855477
804,25,Config(wb),Random,76,152,0.9,0.8683333333333334,0.9142857142857144,0.8800000000000001
805,25,Config(wb),Random,76,155,0.9,0.8683333333333334,0.9142857142857144,0.8800000000000001
806,25,Config(wb),Random,76,174,0.75,0.8400000000000001,0.6095238095238095,0.671082251082251
807,25,Config(wb),Random,76,160,0.7166666666666667,0.6680952380952381,0.6571428571428571,0.6538528138528138
808,25,Config(wb),Random,76,149,0.7833333333333333,0.8800000000000001,0.7,0.7231435231435231
809,25,Config(wb),Random,76,161,0.7166666666666667,0.6047619047619047,0.6857142857142857,0.6256410256410255
810,25,Config(wb),Random,76,156,0.8333333333333333,0.875,0.7857142857142858,0.796883116883117
811,25,Config(wb),Random,76,169,0.7833333333333333,0.8047619047619048,0.7714285714285715,0.7669930069930069
812,25,Config(wb),Random,76,157,0.8166666666666668,0.7714285714285715,0.5714285714285714,0.6421911421911422
813,25,Config(wb),Random,76,154,0.7833333333333334,0.7833333333333334,0.8,0.7579087579087579
814,25,Config(wb),Random,76,158,0.8333333333333334,0.8178571428571428,0.8523809523809526,0.8071794871794872
815,25,Config(wb),Random,76,160,0.7166666666666667,0.7214285714285714,0.7666666666666667,0.6899211899211899
816,25,Config(wb),Random,76,156,0.8333333333333334,0.91,0.8,0.8380952380952381
817,25,Config(wb),Random,76,164,0.8333333333333333,0.9428571428571428,0.7,0.7802863802863802
818,5,No Config,OnPLs,16,30,0.7833333333333334,0.77,0.8571428571428571,0.762541380188439
819,5,No Config,OnPLs,16,20,0.8666666666666666,0.7892857142857144,0.8380952380952381,0.8119413919413919
820,5,No Config,OnPLs,16,20,0.6500000000000001,0.6414285714285715,0.7,0.6213564213564213
821,5,No Config,OnPLs,16,19,0.7,0.7195238095238096,0.7666666666666667,0.6876923076923076
822,5,No Config,OnPLs,16,19,0.65,0.7083333333333333,0.7095238095238094,0.636843156843157
0,15,No Config,OnPLs,46,93,0.8666666666666666,0.9428571428571428,0.8285714285714285,0.8681651681651681
